route,candidate_helm,descriptor,candidate_value,reference_value,delta_to_reference
optimized,"PEPTIDE7226{[Me_dV].[meL].[meL].[meA].F.P}$PEPTIDE7226,PEPTIDE7226,1:R1-6:R2$$$",MolLogP_mean,0.7542666666666666,0.8192833333333333,-0.06501666666666661
optimized,"PEPTIDE7226{[Me_dV].[meL].[meL].[meA].F.P}$PEPTIDE7226,PEPTIDE7226,1:R1-6:R2$$$",TPSA_mean,21.775,21.775000000000002,-3.552713678800501e-15
optimized,"PEPTIDE7226{[Me_dV].[meL].[meL].[meA].F.P}$PEPTIDE7226,PEPTIDE7226,1:R1-6:R2$$$",FractionCSP3_mean,0.7567460316666667,0.7597222221666665,-0.0029761904999998645
optimized,"PEPTIDE7226{[Me_dV].[meL].[meL].[meA].F.P}$PEPTIDE7226,PEPTIDE7226,1:R1-6:R2$$$",qed_mean,0.5354147243333334,0.5397189366666667,-0.004304212333333335
optimized,"PEPTIDE7226{[Me_dV].[meL].[meL].[meA].F.P}$PEPTIDE7226,PEPTIDE7226,1:R1-6:R2$$$",n_methyl_ratio,0.6666666666666666,0.6666666666666666,0.0
optimized,"PEPTIDE7226{[Me_dV].[meL].[meL].[meA].F.P}$PEPTIDE7226,PEPTIDE7226,1:R1-6:R2$$$",d_ratio,0.0,0.0,0.0
optimized,"PEPTIDE7226{[Me_dV].[meL].[meL].[Me_dA].F.P}$PEPTIDE7226,PEPTIDE7226,1:R1-6:R2$$$",MolLogP_mean,0.7542666666666666,0.8192833333333333,-0.06501666666666661
optimized,"PEPTIDE7226{[Me_dV].[meL].[meL].[Me_dA].F.P}$PEPTIDE7226,PEPTIDE7226,1:R1-6:R2$$$",TPSA_mean,21.775,21.775000000000002,-3.552713678800501e-15
optimized,"PEPTIDE7226{[Me_dV].[meL].[meL].[Me_dA].F.P}$PEPTIDE7226,PEPTIDE7226,1:R1-6:R2$$$",FractionCSP3_mean,0.7567460316666667,0.7597222221666665,-0.0029761904999998645
optimized,"PEPTIDE7226{[Me_dV].[meL].[meL].[Me_dA].F.P}$PEPTIDE7226,PEPTIDE7226,1:R1-6:R2$$$",qed_mean,0.5354147243333334,0.5397189366666667,-0.004304212333333335
optimized,"PEPTIDE7226{[Me_dV].[meL].[meL].[Me_dA].F.P}$PEPTIDE7226,PEPTIDE7226,1:R1-6:R2$$$",n_methyl_ratio,0.6666666666666666,0.6666666666666666,0.0
optimized,"PEPTIDE7226{[Me_dV].[meL].[meL].[Me_dA].F.P}$PEPTIDE7226,PEPTIDE7226,1:R1-6:R2$$$",d_ratio,0.0,0.0,0.0
optimized,"PEPTIDE1845{P.[dF].L.F.[dL].L}$PEPTIDE1845,PEPTIDE1845,1:R1-6:R2$$$",MolLogP_mean,0.79495,0.79495,0.0
optimized,"PEPTIDE1845{P.[dF].L.F.[dL].L}$PEPTIDE1845,PEPTIDE1845,1:R1-6:R2$$$",TPSA_mean,27.634999999999994,27.635,-7.105427357601002e-15
optimized,"PEPTIDE1845{P.[dF].L.F.[dL].L}$PEPTIDE1845,PEPTIDE1845,1:R1-6:R2$$$",FractionCSP3_mean,0.6674603173333332,0.6674603173333332,0.0
optimized,"PEPTIDE1845{P.[dF].L.F.[dL].L}$PEPTIDE1845,PEPTIDE1845,1:R1-6:R2$$$",qed_mean,0.5842287801666667,0.5842287801666667,0.0
optimized,"PEPTIDE1845{P.[dF].L.F.[dL].L}$PEPTIDE1845,PEPTIDE1845,1:R1-6:R2$$$",n_methyl_ratio,0.0,0.0,0.0
optimized,"PEPTIDE1845{P.[dF].L.F.[dL].L}$PEPTIDE1845,PEPTIDE1845,1:R1-6:R2$$$",d_ratio,0.3333333333333333,0.3333333333333333,0.0
optimized,"PEPTIDE1845{L.P.[dF].F.[dL].L}$PEPTIDE1845,PEPTIDE1845,1:R1-6:R2$$$",MolLogP_mean,0.79495,0.79495,0.0
optimized,"PEPTIDE1845{L.P.[dF].F.[dL].L}$PEPTIDE1845,PEPTIDE1845,1:R1-6:R2$$$",TPSA_mean,27.634999999999994,27.635,-7.105427357601002e-15
optimized,"PEPTIDE1845{L.P.[dF].F.[dL].L}$PEPTIDE1845,PEPTIDE1845,1:R1-6:R2$$$",FractionCSP3_mean,0.6674603173333334,0.6674603173333332,2.220446049250313e-16
optimized,"PEPTIDE1845{L.P.[dF].F.[dL].L}$PEPTIDE1845,PEPTIDE1845,1:R1-6:R2$$$",qed_mean,0.5842287801666668,0.5842287801666667,1.1102230246251565e-16
optimized,"PEPTIDE1845{L.P.[dF].F.[dL].L}$PEPTIDE1845,PEPTIDE1845,1:R1-6:R2$$$",n_methyl_ratio,0.0,0.0,0.0
optimized,"PEPTIDE1845{L.P.[dF].F.[dL].L}$PEPTIDE1845,PEPTIDE1845,1:R1-6:R2$$$",d_ratio,0.3333333333333333,0.3333333333333333,0.0
de_novo,"PEPTIDE1{[Me_dA].[Nle].[meL].P.[meL].F}$PEPTIDE1,PEPTIDE1,1:R1-6:R2$$$",MolLogP_mean,0.7862666666666667,0.76225,0.024016666666666686
de_novo,"PEPTIDE1{[Me_dA].[Nle].[meL].P.[meL].F}$PEPTIDE1,PEPTIDE1,1:R1-6:R2$$$",TPSA_mean,23.24,23.24,0.0
de_novo,"PEPTIDE1{[Me_dA].[Nle].[meL].P.[meL].F}$PEPTIDE1,PEPTIDE1,1:R1-6:R2$$$",FractionCSP3_mean,0.7567460316666668,0.7567460316666668,0.0
de_novo,"PEPTIDE1{[Me_dA].[Nle].[meL].P.[meL].F}$PEPTIDE1,PEPTIDE1,1:R1-6:R2$$$",qed_mean,0.5413511105000001,0.5428689493333334,-0.0015178388333333404
de_novo,"PEPTIDE1{[Me_dA].[Nle].[meL].P.[meL].F}$PEPTIDE1,PEPTIDE1,1:R1-6:R2$$$",n_methyl_ratio,0.5,0.5,0.0
de_novo,"PEPTIDE1{[Me_dA].[Nle].[meL].P.[meL].F}$PEPTIDE1,PEPTIDE1,1:R1-6:R2$$$",d_ratio,0.0,0.0,0.0
de_novo,"PEPTIDE2{[Me_dA].[Me_dL].[Me_dL].P.[iBu_Gly].F}$PEPTIDE2,PEPTIDE2,1:R1-6:R2$$$",MolLogP_mean,0.7545333333333333,0.8452333333333333,-0.0907
de_novo,"PEPTIDE2{[Me_dA].[Me_dL].[Me_dL].P.[iBu_Gly].F}$PEPTIDE2,PEPTIDE2,1:R1-6:R2$$$",TPSA_mean,21.775,21.775000000000002,-3.552713678800501e-15
de_novo,"PEPTIDE2{[Me_dA].[Me_dL].[Me_dL].P.[iBu_Gly].F}$PEPTIDE2,PEPTIDE2,1:R1-6:R2$$$",FractionCSP3_mean,0.7567460316666667,0.6638888888333333,0.09285714283333335
de_novo,"PEPTIDE2{[Me_dA].[Me_dL].[Me_dL].P.[iBu_Gly].F}$PEPTIDE2,PEPTIDE2,1:R1-6:R2$$$",qed_mean,0.5350822311666666,0.5519543785,-0.01687214733333331
de_novo,"PEPTIDE2{[Me_dA].[Me_dL].[Me_dL].P.[iBu_Gly].F}$PEPTIDE2,PEPTIDE2,1:R1-6:R2$$$",n_methyl_ratio,0.5,0.5,0.0
de_novo,"PEPTIDE2{[Me_dA].[Me_dL].[Me_dL].P.[iBu_Gly].F}$PEPTIDE2,PEPTIDE2,1:R1-6:R2$$$",d_ratio,0.0,0.0,0.0
de_novo,"PEPTIDE3{[meA].[meL].[meL].P.[meL].F}$PEPTIDE3,PEPTIDE3,1:R1-6:R2$$$",MolLogP_mean,0.8192833333333333,0.8192833333333333,0.0
de_novo,"PEPTIDE3{[meA].[meL].[meL].P.[meL].F}$PEPTIDE3,PEPTIDE3,1:R1-6:R2$$$",TPSA_mean,21.775,21.775000000000002,-3.552713678800501e-15
de_novo,"PEPTIDE3{[meA].[meL].[meL].P.[meL].F}$PEPTIDE3,PEPTIDE3,1:R1-6:R2$$$",FractionCSP3_mean,0.7597222221666665,0.7597222221666665,0.0
de_novo,"PEPTIDE3{[meA].[meL].[meL].P.[meL].F}$PEPTIDE3,PEPTIDE3,1:R1-6:R2$$$",qed_mean,0.5397189366666667,0.5397189366666667,0.0
de_novo,"PEPTIDE3{[meA].[meL].[meL].P.[meL].F}$PEPTIDE3,PEPTIDE3,1:R1-6:R2$$$",n_methyl_ratio,0.6666666666666666,0.6666666666666666,0.0
de_novo,"PEPTIDE3{[meA].[meL].[meL].P.[meL].F}$PEPTIDE3,PEPTIDE3,1:R1-6:R2$$$",d_ratio,0.0,0.0,0.0
de_novo,"PEPTIDE4{P.[Me_dL].[Me_dL].[Nle].[meA].F}$PEPTIDE4,PEPTIDE4,1:R1-6:R2$$$",MolLogP_mean,0.7862666666666668,0.76225,0.024016666666666797
de_novo,"PEPTIDE4{P.[Me_dL].[Me_dL].[Nle].[meA].F}$PEPTIDE4,PEPTIDE4,1:R1-6:R2$$$",TPSA_mean,23.24,23.24,0.0
de_novo,"PEPTIDE4{P.[Me_dL].[Me_dL].[Nle].[meA].F}$PEPTIDE4,PEPTIDE4,1:R1-6:R2$$$",FractionCSP3_mean,0.7567460316666667,0.7567460316666668,-1.1102230246251565e-16
de_novo,"PEPTIDE4{P.[Me_dL].[Me_dL].[Nle].[meA].F}$PEPTIDE4,PEPTIDE4,1:R1-6:R2$$$",qed_mean,0.5413511105000001,0.5428689493333334,-0.0015178388333333404
de_novo,"PEPTIDE4{P.[Me_dL].[Me_dL].[Nle].[meA].F}$PEPTIDE4,PEPTIDE4,1:R1-6:R2$$$",n_methyl_ratio,0.5,0.5,0.0
de_novo,"PEPTIDE4{P.[Me_dL].[Me_dL].[Nle].[meA].F}$PEPTIDE4,PEPTIDE4,1:R1-6:R2$$$",d_ratio,0.0,0.0,0.0
