HELM,Source,Year,Permeability,label,xgb_reg_pred,xgb_cls_prob,xgb_cls_pred,decision_threshold
"PEPTIDE1391{L.[3-pyridylethyl_Gly].[meL].[Nle].[dP].[Mono43]}$PEPTIDE1391,PEPTIDE1391,1:R1-6:R2$$$",2016_Furukawa,2016,-5.68,1,-5.9841037,0.41791886,0,0.5700000000000001
"PEPTIDE3054{A.[dL].[Me_dL].[dP].[Me_dL].F}$PEPTIDE3054,PEPTIDE3054,1:R1-6:R2$$$",2020_Townsend,2020,-10.0,0,-5.251625,0.9370251,1,0.5700000000000001
"PEPTIDE1403{[Nal].[pentyl_Gly].[meL].[Nle].[dP].[Mono43]}$PEPTIDE1403,PEPTIDE1403,1:R1-6:R2$$$",2016_Furukawa,2016,-8.11,0,-8.046426,0.033064995,0,0.5700000000000001
"PEPTIDE1317{F.[cHexCH2_Gly].[meL].[Nle].[dP].[Mono42]}$PEPTIDE1317,PEPTIDE1317,1:R1-6:R2$$$",2016_Furukawa,2016,-5.32,1,-5.595564,0.7822382,1,0.5700000000000001
"PEPTIDE7436{[dP].[dGlu(OMe)].L.[dL].L.L}$PEPTIDE7436,PEPTIDE7436,1:R1-6:R2$$$",2022_Taechalertpaisarn,2022,-5.72,1,-5.9928393,0.73619276,1,0.5700000000000001
"PEPTIDE1086{[Me_dA].[Sar].F.[Me_dL].P.Y}$PEPTIDE1086,PEPTIDE1086,1:R1-6:R2$$$",2015_Wang,2015,-7.15,0,-9.064077,0.010277082,0,0.5700000000000001
"PEPTIDE1784{[dF].[cHexCH2_Gly].[dL].[Nle].P.[Mono1]}$PEPTIDE1784,PEPTIDE1784,1:R1-6:R2$$$",2016_Furukawa,2016,-5.33,1,-5.583646,0.754412,1,0.5700000000000001
"PEPTIDE944{[Mono16].P.I.[meV].[meA].[Bal]}$PEPTIDE944,PEPTIDE944,1:R1-6:R2$$$",2015_Ahlbach,2015,-7.1,0,-7.3318777,0.010896246,0,0.5700000000000001
"PEPTIDE1516{L.[Mono41].[meL].[Nle].[dP].[Mono45]}$PEPTIDE1516,PEPTIDE1516,1:R1-6:R2$$$",2016_Furukawa,2016,-6.3,0,-5.5556026,0.56344575,0,0.5700000000000001
"PEPTIDE3284{[meA].L.[Me_dL].P.[Bn_Gly].F}$PEPTIDE3284,PEPTIDE3284,1:R1-6:R2$$$",2020_Townsend,2020,-4.88,1,-5.194992,0.9704735,1,0.5700000000000001
"PEPTIDE1803{[dF].[Mono38].[Me_dL].[Nle].[dP].[Mono1]}$PEPTIDE1803,PEPTIDE1803,1:R1-6:R2$$$",2016_Furukawa,2016,-5.29,1,-5.551298,0.8835719,1,0.5700000000000001
"PEPTIDE3245{[meA].[dL].[Me_dL].P.[Me_dL].F}$PEPTIDE3245,PEPTIDE3245,1:R1-6:R2$$$",2020_Townsend,2020,-4.86,1,-4.875694,0.9903059,1,0.5700000000000001
"PEPTIDE2577{[bHph].[dL].[bHph].[dP].[Me_dL].F}$PEPTIDE2577,PEPTIDE2577,1:R1-6:R2$$$",2020_Townsend,2020,-5.55,1,-6.082303,0.7268989,1,0.5700000000000001
"PEPTIDE3402{[Me_dA].[dL].[bHph].P.[Bn_Gly].F}$PEPTIDE3402,PEPTIDE3402,1:R1-6:R2$$$",2020_Townsend,2020,-5.9,1,-6.1592126,0.34302855,0,0.5700000000000001
"PEPTIDE3264{[meA].L.[dL].P.[Bn_Gly].F}$PEPTIDE3264,PEPTIDE3264,1:R1-6:R2$$$",2020_Townsend,2020,-5.73,1,-6.1145406,0.6173058,1,0.5700000000000001
"PEPTIDE1727{F.[cHexCH2_Gly].[Me_dL].[Nle].[dP].[Mono34]}$PEPTIDE1727,PEPTIDE1727,1:R1-6:R2$$$",2016_Furukawa,2016,-5.77,1,-5.7553654,0.74565756,1,0.5700000000000001
"PEPTIDE1212{[Nal].[Mono40].[meL].[Nle].[dP].[Pr_Gly]}$PEPTIDE1212,PEPTIDE1212,1:R1-6:R2$$$",2016_Furukawa,2016,-5.53,1,-6.2110896,0.13603893,0,0.5700000000000001
"PEPTIDE1757{[dF].[cHexCH2_Gly].[Me_dL].[Nle].P.[Et_Gly]}$PEPTIDE1757,PEPTIDE1757,1:R1-6:R2$$$",2016_Furukawa,2016,-4.9,1,-5.416289,0.6720916,1,0.5700000000000001
"PEPTIDE3047{A.[meL].L.[dP].[dL].F}$PEPTIDE3047,PEPTIDE3047,1:R1-6:R2$$$",2020_Townsend,2020,-5.53,1,-6.338783,0.3160355,0,0.5700000000000001
"PEPTIDE1382{A.[PhPr_Gly].[meL].[Nle].[dP].[Mono43]}$PEPTIDE1382,PEPTIDE1382,1:R1-6:R2$$$",2016_Furukawa,2016,-6.12,0,-6.1447296,0.452505,0,0.5700000000000001
"PEPTIDE1680{A.[Mono38].[Me_dL].[Nle].P.[Et_Gly]}$PEPTIDE1680,PEPTIDE1680,1:R1-6:R2$$$",2016_Furukawa,2016,-6.93,0,-6.932118,0.06889511,0,0.5700000000000001
"PEPTIDE1097{P.G.L.V.I.Y}$PEPTIDE1097,PEPTIDE1097,1:R1-6:R2$$$",2015_Wang,2015,-10.0,0,-6.871454,0.0014736665,0,0.5700000000000001
"PEPTIDE3279{[meA].[meL].[Me_dL].P.[meL].F}$PEPTIDE3279,PEPTIDE3279,1:R1-6:R2$$$",2020_Townsend,2020,-4.72,1,-4.7026553,0.9963392,1,0.5700000000000001
"PEPTIDE2589{[bHph].[Me_dL].[Bn_Gly].[dP].[Bn_Gly].F}$PEPTIDE2589,PEPTIDE2589,1:R1-6:R2$$$",2020_Townsend,2020,-5.46,1,-6.386932,0.5594815,0,0.5700000000000001
"PEPTIDE1851{[Tza].[3Pal].[dP].[PhPr_Gly].[Nva(Ph)].[dF]}$PEPTIDE1851,PEPTIDE1851,1:R1-6:R2$$$",2017_Boehm,2017,-6.15,0,-5.369035,0.99300826,1,0.5700000000000001
"PEPTIDE3483{[meA].[Bn_Gly].[bHph].[dP].[dL].F}$PEPTIDE3483,PEPTIDE3483,1:R1-6:R2$$$",2020_Townsend,2020,-5.9,1,-6.213559,0.37999433,0,0.5700000000000001
"PEPTIDE3173{[dA].[meL].[Me_dL].[dP].[Me_dL].F}$PEPTIDE3173,PEPTIDE3173,1:R1-6:R2$$$",2020_Townsend,2020,-5.68,1,-5.1198077,0.9260037,1,0.5700000000000001
"PEPTIDE3560{[Me_dA].[meL].L.[dP].[Bn_Gly].F}$PEPTIDE3560,PEPTIDE3560,1:R1-6:R2$$$",2020_Townsend,2020,-5.22,1,-5.251625,0.9837906,1,0.5700000000000001
"PEPTIDE7389{[dP].[dPye].[dL].[dL].L.L}$PEPTIDE7389,PEPTIDE7389,1:R1-6:R2$$$",2022_Taechalertpaisarn,2022,-5.77,1,-6.4727273,0.21704116,0,0.5700000000000001
"PEPTIDE2897{A.L.[bHph].P.[dL].F}$PEPTIDE2897,PEPTIDE2897,1:R1-6:R2$$$",2020_Townsend,2020,-10.0,0,-5.9072914,0.22993031,0,0.5700000000000001
"PEPTIDE1257{A.[cHexCH2_Gly].[meL].[Nle].[dP].[Mono34]}$PEPTIDE1257,PEPTIDE1257,1:R1-6:R2$$$",2016_Furukawa,2016,-4.81,1,-5.790651,0.71423936,1,0.5700000000000001
"PEPTIDE2652{[bHph].L.[bHph].P.[dL].F}$PEPTIDE2652,PEPTIDE2652,1:R1-6:R2$$$",2020_Townsend,2020,-5.73,1,-5.4669604,0.96799546,1,0.5700000000000001
"PEPTIDE1348{L.[cHexCH2_Gly].[meL].[Nle].[dP].[Bn(4-Cl)_Gly]}$PEPTIDE1348,PEPTIDE1348,1:R1-6:R2$$$",2016_Furukawa,2016,-7.1,0,-7.119018,0.116561584,0,0.5700000000000001
"PEPTIDE1468{L.[cHexCH2_Gly].[meL].[Nle].[dP].[Mono44]}$PEPTIDE1468,PEPTIDE1468,1:R1-6:R2$$$",2016_Furukawa,2016,-6.93,0,-6.1811624,0.73246586,1,0.5700000000000001
"PEPTIDE966{[dP].[Sta].[meL].[meL].[Sta].[meL]}$PEPTIDE966,PEPTIDE966,1:R1-6:R2$$$",2015_Bockus_1,2015,-6.0,1,-5.293002,0.9961605,1,0.5700000000000001
"PEPTIDE1450{[Nal].[PhPr_Gly].[meL].[Nle].[dP].[Mono1]}$PEPTIDE1450,PEPTIDE1450,1:R1-6:R2$$$",2016_Furukawa,2016,-9.29,0,-8.626861,0.03257647,0,0.5700000000000001
"PEPTIDE3351{[Me_dA].[dL].[meL].P.[Me_dL].F}$PEPTIDE3351,PEPTIDE3351,1:R1-6:R2$$$",2020_Townsend,2020,-5.21,1,-4.903367,0.9763193,1,0.5700000000000001
"PEPTIDE1261{L.[pentyl_Gly].[meL].[Nle].[dP].[Mono34]}$PEPTIDE1261,PEPTIDE1261,1:R1-6:R2$$$",2016_Furukawa,2016,-5.24,1,-5.6164303,0.86420363,1,0.5700000000000001
"PEPTIDE3183{[dA].[dL].[bHph].[dP].L.F}$PEPTIDE3183,PEPTIDE3183,1:R1-6:R2$$$",2020_Townsend,2020,-10.0,0,-6.209712,0.4367232,0,0.5700000000000001
"PEPTIDE3537{[Me_dA].L.[meL].[dP].[meL].F}$PEPTIDE3537,PEPTIDE3537,1:R1-6:R2$$$",2020_Townsend,2020,-4.87,1,-4.889327,0.98124343,1,0.5700000000000001
"PEPTIDE1475{F.[Bn_Gly].[meL].[Nle].[dP].[Mono44]}$PEPTIDE1475,PEPTIDE1475,1:R1-6:R2$$$",2016_Furukawa,2016,-6.97,0,-6.2792854,0.13198133,0,0.5700000000000001
"PEPTIDE1682{F.[pentyl_Gly].[Me_dL].[Nle].P.[Et_Gly]}$PEPTIDE1682,PEPTIDE1682,1:R1-6:R2$$$",2016_Furukawa,2016,-4.85,1,-5.153239,0.97732955,1,0.5700000000000001
"PEPTIDE1593{A.[cHexCH2_Gly].L.[Nle].[dP].[Mono34]}$PEPTIDE1593,PEPTIDE1593,1:R1-6:R2$$$",2016_Furukawa,2016,-5.49,1,-6.169765,0.2811238,0,0.5700000000000001
"PEPTIDE1026{[meW].[Me_dK].[dT].[Me_dF].[dP].[dF]}$PEPTIDE1026,PEPTIDE1026,1:R1-6:R2$$$",2015_Marelli,2015,-10.0,0,-8.329779,0.09779512,0,0.5700000000000001
"PEPTIDE3456{[meA].[dL].[Bn_Gly].[dP].[Me_dL].F}$PEPTIDE3456,PEPTIDE3456,1:R1-6:R2$$$",2020_Townsend,2020,-5.35,1,-5.3844304,0.9568372,1,0.5700000000000001
"PEPTIDE1135{A.[pentyl_Gly].[meL].[Nle].[dP].[Et_Gly]}$PEPTIDE1135,PEPTIDE1135,1:R1-6:R2$$$",2016_Furukawa,2016,-5.32,1,-5.56426,0.4704899,0,0.5700000000000001
"PEPTIDE1024{[meA].[Me_dA].[dA].[Me_dA].[Me_dA].[dA]}$PEPTIDE1024,PEPTIDE1024,1:R1-6:R2$$$",2015_Marelli,2015,-7.1,0,-7.42454,0.048097733,0,0.5700000000000001
"PEPTIDE1152{L.[PhPr_Gly].[meL].[Nle].[dP].[Et_Gly]}$PEPTIDE1152,PEPTIDE1152,1:R1-6:R2$$$",2016_Furukawa,2016,-5.11,1,-5.582226,0.8046245,1,0.5700000000000001
"PEPTIDE2984{[dA].[dL].[Bn_Gly].P.[Me_dL].F}$PEPTIDE2984,PEPTIDE2984,1:R1-6:R2$$$",2020_Townsend,2020,-6.34,0,-6.012109,0.6504669,1,0.5700000000000001
"PEPTIDE2645{[bHph].[Me_dL].[meL].P.[Me_dL].F}$PEPTIDE2645,PEPTIDE2645,1:R1-6:R2$$$",2020_Townsend,2020,-5.25,1,-5.564782,0.90406203,1,0.5700000000000001
"PEPTIDE3403{[Me_dA].[Me_dL].[Bn_Gly].P.[Bn_Gly].F}$PEPTIDE3403,PEPTIDE3403,1:R1-6:R2$$$",2020_Townsend,2020,-5.42,1,-5.522784,0.98662484,1,0.5700000000000001
"PEPTIDE2789{[Pr_Gly].[Me_dL].[Me_dL].P.[dL].F}$PEPTIDE2789,PEPTIDE2789,1:R1-6:R2$$$",2020_Townsend,2020,-4.8,1,-4.908842,0.956188,1,0.5700000000000001
"PEPTIDE2813{[Pr_Gly].[Me_dL].[meL].P.[meL].F}$PEPTIDE2813,PEPTIDE2813,1:R1-6:R2$$$",2020_Townsend,2020,-4.72,1,-4.879011,0.99249387,1,0.5700000000000001
"PEPTIDE1263{A.[Mono39].[meL].[Nle].[dP].[Mono34]}$PEPTIDE1263,PEPTIDE1263,1:R1-6:R2$$$",2016_Furukawa,2016,-5.06,1,-6.0570245,0.44009286,0,0.5700000000000001
"PEPTIDE987{[Mono31].V.F.P.V.P}$PEPTIDE987,PEPTIDE987,1:R1-6:R2$$$",2015_Bockus_2,2015,-5.33,1,-5.759657,0.8173868,1,0.5700000000000001
"PEPTIDE2924{A.[Me_dL].[bHph].P.[Me_dL].F}$PEPTIDE2924,PEPTIDE2924,1:R1-6:R2$$$",2020_Townsend,2020,-6.28,0,-5.5330873,0.9371674,1,0.5700000000000001
"PEPTIDE3312{[meA].[meL].[bHph].P.[meL].F}$PEPTIDE3312,PEPTIDE3312,1:R1-6:R2$$$",2020_Townsend,2020,-4.54,1,-5.3851385,0.96919715,1,0.5700000000000001
"PEPTIDE3389{[Me_dA].[Me_dL].[bHph].P.[dL].F}$PEPTIDE3389,PEPTIDE3389,1:R1-6:R2$$$",2020_Townsend,2020,-5.29,1,-5.3528147,0.9490951,1,0.5700000000000001
"PEPTIDE3123{[dA].L.L.[dP].[dL].F}$PEPTIDE3123,PEPTIDE3123,1:R1-6:R2$$$",2020_Townsend,2020,-6.34,0,-6.1866016,0.5808344,1,0.5700000000000001
"PEPTIDE3244{[meA].[Me_dL].[dL].P.[Me_dL].F}$PEPTIDE3244,PEPTIDE3244,1:R1-6:R2$$$",2020_Townsend,2020,-4.79,1,-4.899599,0.98024875,1,0.5700000000000001
"PEPTIDE941{[d(N->O)Leu].P.V.[meV].[meA].[Bal]}$PEPTIDE941,PEPTIDE941,1:R1-6:R2$$$",2015_Ahlbach,2015,-5.89,1,-5.714071,0.7459011,1,0.5700000000000001
"PEPTIDE2774{[Pr_Gly].[dL].L.P.L.F}$PEPTIDE2774,PEPTIDE2774,1:R1-6:R2$$$",2020_Townsend,2020,-4.94,1,-5.7354636,0.7459237,1,0.5700000000000001
"PEPTIDE47{L.[dP].[meY].L.[Me_dL].[Mono5]}$PEPTIDE47,PEPTIDE47,1:R1-6:R2$$$",2012_Rand,2012,-6.2,0,-6.1453447,0.79844975,1,0.5700000000000001
"PEPTIDE1060{[Me_dL].[Me_dL].L.[Me_dL].P.Y}$PEPTIDE1060,PEPTIDE1060,1:R1-6:R2$$$",2015_Wang,2015,-7.0,0,-5.663574,0.8448433,1,0.5700000000000001
"PEPTIDE3322{[Me_dA].[dL].L.P.[dL].F}$PEPTIDE3322,PEPTIDE3322,1:R1-6:R2$$$",2020_Townsend,2020,-5.49,1,-6.2837505,0.4160679,0,0.5700000000000001
"PEPTIDE1419{L.[MeOEt_Gly].[meL].[Nle].[dP].[Mono1]}$PEPTIDE1419,PEPTIDE1419,1:R1-6:R2$$$",2016_Furukawa,2016,-5.04,1,-6.1013074,0.3033047,0,0.5700000000000001
"PEPTIDE2550{[bHph].[dL].[meL].[dP].[meL].F}$PEPTIDE2550,PEPTIDE2550,1:R1-6:R2$$$",2020_Townsend,2020,-5.5,1,-5.4551992,0.87389374,1,0.5700000000000001
"PEPTIDE1810{[dA].[Mono38].[dL].[Nle].[dP].[Mono34]}$PEPTIDE1810,PEPTIDE1810,1:R1-6:R2$$$",2016_Furukawa,2016,-6.6,0,-7.114003,0.06043139,0,0.5700000000000001
"PEPTIDE2878{A.L.[Bn_Gly].P.[dL].F}$PEPTIDE2878,PEPTIDE2878,1:R1-6:R2$$$",2020_Townsend,2020,-6.33,0,-6.242094,0.39892584,0,0.5700000000000001
"PEPTIDE2704{[Pr_Gly].[Me_dL].L.[dP].[dL].F}$PEPTIDE2704,PEPTIDE2704,1:R1-6:R2$$$",2020_Townsend,2020,-5.3,1,-5.3747597,0.89439076,1,0.5700000000000001
"PEPTIDE3051{A.[meL].L.[dP].L.F}$PEPTIDE3051,PEPTIDE3051,1:R1-6:R2$$$",2020_Townsend,2020,-6.46,0,-6.3115907,0.33836284,0,0.5700000000000001
"PEPTIDE3356{[Me_dA].L.[meL].P.[Me_dL].F}$PEPTIDE3356,PEPTIDE3356,1:R1-6:R2$$$",2020_Townsend,2020,-4.75,1,-4.948662,0.978277,1,0.5700000000000001
"PEPTIDE2864{A.[Me_dL].[dL].P.[Me_dL].F}$PEPTIDE2864,PEPTIDE2864,1:R1-6:R2$$$",2020_Townsend,2020,-5.22,1,-5.7227435,0.8640136,1,0.5700000000000001
"PEPTIDE3009{[dA].[meL].[bHph].P.L.F}$PEPTIDE3009,PEPTIDE3009,1:R1-6:R2$$$",2020_Townsend,2020,-6.0,1,-6.3030868,0.3182443,0,0.5700000000000001
"PEPTIDE1625{[dA].[cHexCH2_Gly].L.[Nle].P.[Et_Gly]}$PEPTIDE1625,PEPTIDE1625,1:R1-6:R2$$$",2016_Furukawa,2016,-6.48,0,-6.241936,0.40632677,0,0.5700000000000001
"PEPTIDE7448{P.[dCha].W.R.[Cys(EtO2H)_NH2].A}$PEPTIDE7448,PEPTIDE7448,1:R1-6:R2$$$",2022_Tamura,2022,-6.82,0,-6.898326,0.0007065931,0,0.5700000000000001
"PEPTIDE1252{[Nal].[Mono40].[meL].[Nle].[dP].[iBu_Gly]}$PEPTIDE1252,PEPTIDE1252,1:R1-6:R2$$$",2016_Furukawa,2016,-5.65,1,-6.2147427,0.19464907,0,0.5700000000000001
"PEPTIDE1234{L.[Mono40].[meL].[Nle].[dP].[iBu_Gly]}$PEPTIDE1234,PEPTIDE1234,1:R1-6:R2$$$",2016_Furukawa,2016,-5.3,1,-5.674739,0.7847872,1,0.5700000000000001
"PEPTIDE1582{F.[pentyl_Gly].[meL].[Nle].[dP].[Mono34]}$PEPTIDE1582,PEPTIDE1582,1:R1-6:R2$$$",2016_Furukawa,2016,-5.48,1,-5.2940173,0.9242176,1,0.5700000000000001
"PEPTIDE3367{[Me_dA].L.L.P.[Bn_Gly].F}$PEPTIDE3367,PEPTIDE3367,1:R1-6:R2$$$",2020_Townsend,2020,-5.77,1,-6.00732,0.5608264,0,0.5700000000000001
"PEPTIDE1138{A.[Mono38].[meL].[Nle].[dP].[Et_Gly]}$PEPTIDE1138,PEPTIDE1138,1:R1-6:R2$$$",2016_Furukawa,2016,-7.27,0,-6.9560328,0.060314007,0,0.5700000000000001
"PEPTIDE3332{[Me_dA].L.[Me_dL].P.[dL].F}$PEPTIDE3332,PEPTIDE3332,1:R1-6:R2$$$",2020_Townsend,2020,-5.14,1,-5.48517,0.8200265,1,0.5700000000000001
"PEPTIDE1445{F.[Mono41].[meL].[Nle].[dP].[Mono1]}$PEPTIDE1445,PEPTIDE1445,1:R1-6:R2$$$",2016_Furukawa,2016,-5.86,1,-6.424666,0.13072373,0,0.5700000000000001
"PEPTIDE2520{[bHph].L.L.[dP].[dL].F}$PEPTIDE2520,PEPTIDE2520,1:R1-6:R2$$$",2020_Townsend,2020,-4.85,1,-5.3982105,0.9239444,1,0.5700000000000001
"PEPTIDE3225{[meA].[dL].[Me_dL].P.[dL].F}$PEPTIDE3225,PEPTIDE3225,1:R1-6:R2$$$",2020_Townsend,2020,-4.68,1,-5.480074,0.9359422,1,0.5700000000000001
"PEPTIDE2584{[bHph].[meL].[Bn_Gly].[dP].[meL].F}$PEPTIDE2584,PEPTIDE2584,1:R1-6:R2$$$",2020_Townsend,2020,-5.37,1,-6.552106,0.6726363,1,0.5700000000000001
"PEPTIDE3572{[Me_dA].[meL].[bHph].[dP].[meL].F}$PEPTIDE3572,PEPTIDE3572,1:R1-6:R2$$$",2020_Townsend,2020,-5.19,1,-5.6944733,0.81556,1,0.5700000000000001
"PEPTIDE3073{A.[dL].[Bn_Gly].[dP].L.F}$PEPTIDE3073,PEPTIDE3073,1:R1-6:R2$$$",2020_Townsend,2020,-6.34,0,-6.343729,0.30453128,0,0.5700000000000001
"PEPTIDE1405{F.[Mono41].[meL].[Nle].[dP].[Mono43]}$PEPTIDE1405,PEPTIDE1405,1:R1-6:R2$$$",2016_Furukawa,2016,-6.12,0,-6.098492,0.36290145,0,0.5700000000000001
"PEPTIDE2599{[bHph].L.[dL].P.L.F}$PEPTIDE2599,PEPTIDE2599,1:R1-6:R2$$$",2020_Townsend,2020,-4.84,1,-5.2847295,0.89816636,1,0.5700000000000001
"PEPTIDE1200{[Nal].[MeOEt_Gly].[meL].[Nle].[dP].[Pr_Gly]}$PEPTIDE1200,PEPTIDE1200,1:R1-6:R2$$$",2016_Furukawa,2016,-5.34,1,-5.958217,0.7275111,1,0.5700000000000001
"PEPTIDE2690{[bHph].[Bn_Gly].[bHph].P.[Bn_Gly].F}$PEPTIDE2690,PEPTIDE2690,1:R1-6:R2$$$",2020_Townsend,2020,-5.81,1,-6.0285378,0.70708346,1,0.5700000000000001
"PEPTIDE3041{A.[dL].L.[dP].[Me_dL].F}$PEPTIDE3041,PEPTIDE3041,1:R1-6:R2$$$",2020_Townsend,2020,-5.4,1,-6.3600736,0.2839843,0,0.5700000000000001
"PEPTIDE2849{A.L.[Me_dL].P.[dL].F}$PEPTIDE2849,PEPTIDE2849,1:R1-6:R2$$$",2020_Townsend,2020,-6.1,0,-6.5743957,0.09795271,0,0.5700000000000001
"PEPTIDE2301{[dP].[dL].[dL].L.[dL].Y}$PEPTIDE2301,PEPTIDE2301,1:R1-6:R2$$$",2018_Naylor,2018,-5.39,1,-6.1656556,0.116517924,0,0.5700000000000001
"PEPTIDE2663{[bHph].L.[Bn_Gly].P.[meL].F}$PEPTIDE2663,PEPTIDE2663,1:R1-6:R2$$$",2020_Townsend,2020,-5.37,1,-5.8851447,0.78616744,1,0.5700000000000001
"PEPTIDE37{L.[dP].[meY].L.[Me_dL].[meY]}$PEPTIDE37,PEPTIDE37,1:R1-6:R2$$$",2012_Rand,2012,-5.89,1,-6.131315,0.37652585,0,0.5700000000000001
"PEPTIDE2681{[bHph].[dL].[bHph].P.[Bn_Gly].F}$PEPTIDE2681,PEPTIDE2681,1:R1-6:R2$$$",2020_Townsend,2020,-6.2,0,-6.0284166,0.67529535,1,0.5700000000000001
"PEPTIDE2389{[dP].[dL].L.[dL].[dL].Y}$PEPTIDE2389,PEPTIDE2389,1:R1-6:R2$$$",2019_Ono,2019,-5.31,1,-5.641349,0.87033325,1,0.5700000000000001
"PEPTIDE2542{[bHph].[dL].[meL].[dP].[Me_dL].F}$PEPTIDE2542,PEPTIDE2542,1:R1-6:R2$$$",2020_Townsend,2020,-5.35,1,-5.3237076,0.87737226,1,0.5700000000000001
"PEPTIDE1422{A.[PhPr_Gly].[meL].[Nle].[dP].[Mono1]}$PEPTIDE1422,PEPTIDE1422,1:R1-6:R2$$$",2016_Furukawa,2016,-5.27,1,-5.9595284,0.59037036,1,0.5700000000000001
"PEPTIDE1763{[dF].[cHexCH2_Gly].[Me_dL].[Nle].P.[Mono34]}$PEPTIDE1763,PEPTIDE1763,1:R1-6:R2$$$",2016_Furukawa,2016,-5.01,1,-5.6791854,0.76792514,1,0.5700000000000001
"PEPTIDE1785{[dF].[Mono38].[dL].[Nle].P.[Mono1]}$PEPTIDE1785,PEPTIDE1785,1:R1-6:R2$$$",2016_Furukawa,2016,-6.0,1,-5.8057156,0.74618775,1,0.5700000000000001
"PEPTIDE3277{[meA].[meL].[meL].P.[Me_dL].F}$PEPTIDE3277,PEPTIDE3277,1:R1-6:R2$$$",2020_Townsend,2020,-4.84,1,-4.705351,0.9963392,1,0.5700000000000001
"PEPTIDE3530{[Me_dA].L.[Me_dL].[dP].[meL].F}$PEPTIDE3530,PEPTIDE3530,1:R1-6:R2$$$",2020_Townsend,2020,-4.82,1,-4.892354,0.9873815,1,0.5700000000000001
"PEPTIDE5649{[dF].[Me_Nle].[Nle].[Nle].[Nle].[Mono101]}$PEPTIDE5649,PEPTIDE5649,1:R1-6:R2$$$",2021_Golosov,2021,-6.0,1,-4.9548697,0.9746559,1,0.5700000000000001
"PEPTIDE2828{[Pr_Gly].[Me_dL].[Bn_Gly].P.[meL].F}$PEPTIDE2828,PEPTIDE2828,1:R1-6:R2$$$",2020_Townsend,2020,-5.14,1,-5.089498,0.9698999,1,0.5700000000000001
"PEPTIDE2906{A.L.[bHph].P.L.F}$PEPTIDE2906,PEPTIDE2906,1:R1-6:R2$$$",2020_Townsend,2020,-5.94,1,-5.9265966,0.47435468,0,0.5700000000000001
"PEPTIDE2887{A.[Me_dL].[meL].P.[Me_dL].F}$PEPTIDE2887,PEPTIDE2887,1:R1-6:R2$$$",2020_Townsend,2020,-4.88,1,-5.037955,0.980249,1,0.5700000000000001
"PEPTIDE3532{[Me_dA].[Me_dL].L.[dP].[meL].F}$PEPTIDE3532,PEPTIDE3532,1:R1-6:R2$$$",2020_Townsend,2020,-5.04,1,-4.843727,0.9842106,1,0.5700000000000001
"PEPTIDE3192{[dA].[meL].[Bn_Gly].[dP].L.F}$PEPTIDE3192,PEPTIDE3192,1:R1-6:R2$$$",2020_Townsend,2020,-6.49,0,-5.5739946,0.7214798,1,0.5700000000000001
"PEPTIDE3263{[meA].L.[Bn_Gly].P.[dL].F}$PEPTIDE3263,PEPTIDE3263,1:R1-6:R2$$$",2020_Townsend,2020,-5.83,1,-6.1351795,0.59156317,1,0.5700000000000001
"PEPTIDE1616{[dA].[cHexCH2_Gly].[meL].[Nle].P.[Mono1]}$PEPTIDE1616,PEPTIDE1616,1:R1-6:R2$$$",2016_Furukawa,2016,-5.09,1,-5.4609942,0.78304553,1,0.5700000000000001
"PEPTIDE1657{[dF].[pentyl_Gly].[meL].[Nle].[dP].[Mono1]}$PEPTIDE1657,PEPTIDE1657,1:R1-6:R2$$$",2016_Furukawa,2016,-5.45,1,-5.8816037,0.43239275,0,0.5700000000000001
"PEPTIDE1052{L.[dL].L.L.[dP].[meY]}$PEPTIDE1052,PEPTIDE1052,1:R1-6:R2$$$",2015_Wang,2015,-5.89,1,-6.0699534,0.8962317,1,0.5700000000000001
"PEPTIDE3357{[Me_dA].L.[Me_dL].P.[meL].F}$PEPTIDE3357,PEPTIDE3357,1:R1-6:R2$$$",2020_Townsend,2020,-4.85,1,-4.9453506,0.98747486,1,0.5700000000000001
"PEPTIDE1211{[Nal].[Mono39].[meL].[Nle].[dP].[Pr_Gly]}$PEPTIDE1211,PEPTIDE1211,1:R1-6:R2$$$",2016_Furukawa,2016,-7.29,0,-7.784905,0.0349735,0,0.5700000000000001
"PEPTIDE2833{[Pr_Gly].[meL].[meL].P.[Bn_Gly].F}$PEPTIDE2833,PEPTIDE2833,1:R1-6:R2$$$",2020_Townsend,2020,-4.88,1,-5.0985885,0.9858519,1,0.5700000000000001
"PEPTIDE2915{A.L.[bHph].P.[Me_dL].F}$PEPTIDE2915,PEPTIDE2915,1:R1-6:R2$$$",2020_Townsend,2020,-6.22,0,-6.3509145,0.25582945,0,0.5700000000000001
"PEPTIDE1795{[dA].[pentyl_Gly].[Me_dL].[Nle].[dP].[Mono1]}$PEPTIDE1795,PEPTIDE1795,1:R1-6:R2$$$",2016_Furukawa,2016,-5.1,1,-5.5656734,0.7449041,1,0.5700000000000001
"PEPTIDE1159{F.[3-pyridylethyl_Gly].[meL].[Nle].[dP].[Et_Gly]}$PEPTIDE1159,PEPTIDE1159,1:R1-6:R2$$$",2016_Furukawa,2016,-5.87,1,-6.1967244,0.2938533,0,0.5700000000000001
"PEPTIDE3019{[dA].[Bn_Gly].[bHph].P.L.F}$PEPTIDE3019,PEPTIDE3019,1:R1-6:R2$$$",2020_Townsend,2020,-6.07,0,-7.114232,0.07859566,0,0.5700000000000001
"PEPTIDE2727{[Pr_Gly].[meL].L.[dP].[Me_dL].F}$PEPTIDE2727,PEPTIDE2727,1:R1-6:R2$$$",2020_Townsend,2020,-4.98,1,-4.9072733,0.94375587,1,0.5700000000000001
"PEPTIDE3432{[meA].[dL].L.[dP].[meL].F}$PEPTIDE3432,PEPTIDE3432,1:R1-6:R2$$$",2020_Townsend,2020,-4.89,1,-5.563401,0.82507944,1,0.5700000000000001
"PEPTIDE3467{[meA].L.[Bn_Gly].[dP].[meL].F}$PEPTIDE3467,PEPTIDE3467,1:R1-6:R2$$$",2020_Townsend,2020,-5.56,1,-5.251625,0.98348653,1,0.5700000000000001
"PEPTIDE1462{A.[PhPr_Gly].[meL].[Nle].[dP].[Mono44]}$PEPTIDE1462,PEPTIDE1462,1:R1-6:R2$$$",2016_Furukawa,2016,-5.32,1,-5.611889,0.9095334,1,0.5700000000000001
"PEPTIDE31{L.[Me_dL].[meL].S.[dP].[meY]}$PEPTIDE31,PEPTIDE31,1:R1-6:R2$$$",2011_White,2011,-6.12,0,-5.980107,0.82223165,1,0.5700000000000001
"PEPTIDE2561{[bHph].[Me_dL].[meL].[dP].[Me_dL].F}$PEPTIDE2561,PEPTIDE2561,1:R1-6:R2$$$",2020_Townsend,2020,-5.38,1,-5.855656,0.75812626,1,0.5700000000000001
"PEPTIDE2321{L.[Me_dL].[Me_Cha].[Cha].[dP].[meF]}$PEPTIDE2321,PEPTIDE2321,1:R1-6:R2$$$",2018_Naylor,2018,-6.96,0,-6.7115335,0.5436338,0,0.5700000000000001
"PEPTIDE2393{[dP].[dL].L.L.[dL].Y}$PEPTIDE2393,PEPTIDE2393,1:R1-6:R2$$$",2019_Ono,2019,-5.11,1,-6.2775908,0.21619079,0,0.5700000000000001
"PEPTIDE3428{[meA].L.[meL].[dP].[dL].F}$PEPTIDE3428,PEPTIDE3428,1:R1-6:R2$$$",2020_Townsend,2020,-6.19,0,-5.1663218,0.8961969,1,0.5700000000000001
"PEPTIDE1158{F.[Mono38].[meL].[Nle].[dP].[Et_Gly]}$PEPTIDE1158,PEPTIDE1158,1:R1-6:R2$$$",2016_Furukawa,2016,-5.5,1,-5.891271,0.42269972,0,0.5700000000000001
"PEPTIDE1274{L.[Mono40].[meL].[Nle].[dP].[Mono34]}$PEPTIDE1274,PEPTIDE1274,1:R1-6:R2$$$",2016_Furukawa,2016,-5.43,1,-5.6922846,0.57502234,1,0.5700000000000001
"PEPTIDE3544{[Me_dA].[Me_dL].[Bn_Gly].[dP].[dL].F}$PEPTIDE3544,PEPTIDE3544,1:R1-6:R2$$$",2020_Townsend,2020,-5.26,1,-5.408052,0.8714696,1,0.5700000000000001
"PEPTIDE2943{[dA].L.[Me_dL].P.[dL].F}$PEPTIDE2943,PEPTIDE2943,1:R1-6:R2$$$",2020_Townsend,2020,-5.85,1,-6.389731,0.28583518,0,0.5700000000000001
"PEPTIDE1428{L.[cHexCH2_Gly].[meL].[Nle].[dP].[Mono1]}$PEPTIDE1428,PEPTIDE1428,1:R1-6:R2$$$",2016_Furukawa,2016,-7.5,0,-6.068326,0.54278284,0,0.5700000000000001
"PEPTIDE1300{A.[3-pyridylethyl_Gly].[meL].[Nle].[dP].[Mono42]}$PEPTIDE1300,PEPTIDE1300,1:R1-6:R2$$$",2016_Furukawa,2016,-7.48,0,-6.6569023,0.21370064,0,0.5700000000000001
"PEPTIDE3162{[dA].[Me_dL].L.[dP].[meL].F}$PEPTIDE3162,PEPTIDE3162,1:R1-6:R2$$$",2020_Townsend,2020,-4.91,1,-5.7935967,0.6749234,1,0.5700000000000001
"PEPTIDE1320{[Nal].[MeOEt_Gly].[meL].[Nle].[dP].[Mono42]}$PEPTIDE1320,PEPTIDE1320,1:R1-6:R2$$$",2016_Furukawa,2016,-5.73,1,-6.276127,0.47158358,0,0.5700000000000001
"PEPTIDE1130{P.G.L.A.F.A}$PEPTIDE1130,PEPTIDE1130,1:R1-6:R2$$$",2016_Frost,2016,-8.06,0,-6.5586863,0.017582063,0,0.5700000000000001
"PEPTIDE1253{[Nal].[Mono41].[meL].[Nle].[dP].[iBu_Gly]}$PEPTIDE1253,PEPTIDE1253,1:R1-6:R2$$$",2016_Furukawa,2016,-5.69,1,-6.124291,0.3632692,0,0.5700000000000001
"PEPTIDE2331{L.[Me_dAbu].[Me_Cha].[Cha].[dP].[meY]}$PEPTIDE2331,PEPTIDE2331,1:R1-6:R2$$$",2018_Naylor,2018,-5.9,1,-6.111862,0.07406045,0,0.5700000000000001
"PEPTIDE2391{[dP].[dL].L.L.L.Y}$PEPTIDE2391,PEPTIDE2391,1:R1-6:R2$$$",2019_Ono,2019,-5.59,1,-5.859152,0.7483254,1,0.5700000000000001
"PEPTIDE1690{F.[pentyl_Gly].[Me_dL].[Nle].P.[Mono34]}$PEPTIDE1690,PEPTIDE1690,1:R1-6:R2$$$",2016_Furukawa,2016,-5.08,1,-5.7080536,0.857609,1,0.5700000000000001
"PEPTIDE1842{L.F.P.L.L.I}$PEPTIDE1842,PEPTIDE1842,1:R1-6:R2$$$",2016_Schwochert,2016,-4.4,1,-4.5239716,0.9858539,1,0.5700000000000001
"PEPTIDE2978{[dA].L.L.P.[Bn_Gly].F}$PEPTIDE2978,PEPTIDE2978,1:R1-6:R2$$$",2020_Townsend,2020,-6.27,0,-6.2492194,0.36853856,0,0.5700000000000001
"PEPTIDE1701{A.[cHexCH2_Gly].[dL].[Nle].P.[Mono34]}$PEPTIDE1701,PEPTIDE1701,1:R1-6:R2$$$",2016_Furukawa,2016,-5.29,1,-5.95206,0.5702636,1,0.5700000000000001
"PEPTIDE3563{[Me_dA].[Me_dL].[Bn_Gly].[dP].[meL].F}$PEPTIDE3563,PEPTIDE3563,1:R1-6:R2$$$",2020_Townsend,2020,-5.09,1,-5.118676,0.97509676,1,0.5700000000000001
"PEPTIDE2635{[bHph].[meL].L.P.[Me_dL].F}$PEPTIDE2635,PEPTIDE2635,1:R1-6:R2$$$",2020_Townsend,2020,-5.26,1,-5.357438,0.9378471,1,0.5700000000000001
"PEPTIDE3570{[Me_dA].[Bn_Gly].[bHph].[dP].[dL].F}$PEPTIDE3570,PEPTIDE3570,1:R1-6:R2$$$",2020_Townsend,2020,-5.99,1,-6.242318,0.27529505,0,0.5700000000000001
"PEPTIDE1620{[dF].[Mono38].[meL].[Nle].P.[Mono34]}$PEPTIDE1620,PEPTIDE1620,1:R1-6:R2$$$",2016_Furukawa,2016,-6.27,0,-5.5563664,0.7703587,1,0.5700000000000001
"PEPTIDE1399{F.[3-pyridylethyl_Gly].[meL].[Nle].[dP].[Mono43]}$PEPTIDE1399,PEPTIDE1399,1:R1-6:R2$$$",2016_Furukawa,2016,-6.4,0,-6.552902,0.23136175,0,0.5700000000000001
"PEPTIDE1142{A.[PhPr_Gly].[meL].[Nle].[dP].[Et_Gly]}$PEPTIDE1142,PEPTIDE1142,1:R1-6:R2$$$",2016_Furukawa,2016,-5.16,1,-5.905923,0.67077374,1,0.5700000000000001
"PEPTIDE1347{F.[MeOEt_Gly].[meL].[Nle].[dP].[Bn(4-Cl)_Gly]}$PEPTIDE1347,PEPTIDE1347,1:R1-6:R2$$$",2016_Furukawa,2016,-5.94,1,-5.5723743,0.7701487,1,0.5700000000000001
"PEPTIDE2888{A.[Me_dL].[Me_dL].P.[meL].F}$PEPTIDE2888,PEPTIDE2888,1:R1-6:R2$$$",2020_Townsend,2020,-5.16,1,-5.0250564,0.9760745,1,0.5700000000000001
"PEPTIDE2298{[dP].[dL].L.[dL].[dL].Y}$PEPTIDE2298,PEPTIDE2298,1:R1-6:R2$$$",2018_Naylor,2018,-5.71,1,-6.093283,0.36408642,0,0.5700000000000001
"PEPTIDE3334{[Me_dA].[dL].[meL].P.[dL].F}$PEPTIDE3334,PEPTIDE3334,1:R1-6:R2$$$",2020_Townsend,2020,-5.05,1,-5.2687936,0.91518974,1,0.5700000000000001
"PEPTIDE1079{[dA].G.F.[dL].P.Y}$PEPTIDE1079,PEPTIDE1079,1:R1-6:R2$$$",2015_Wang,2015,-7.15,0,-7.9594617,0.0015837076,0,0.5700000000000001
"PEPTIDE2588{[bHph].[dL].[bHph].[dP].[Bn_Gly].F}$PEPTIDE2588,PEPTIDE2588,1:R1-6:R2$$$",2020_Townsend,2020,-5.76,1,-5.9573703,0.7715324,1,0.5700000000000001
"PEPTIDE3472{[meA].[Me_dL].[bHph].[dP].L.F}$PEPTIDE3472,PEPTIDE3472,1:R1-6:R2$$$",2020_Townsend,2020,-10.0,0,-5.7356267,0.8691028,1,0.5700000000000001
"PEPTIDE3038{A.[Me_dL].[dL].[dP].L.F}$PEPTIDE3038,PEPTIDE3038,1:R1-6:R2$$$",2020_Townsend,2020,-6.35,0,-6.4167914,0.27805766,0,0.5700000000000001
"PEPTIDE3251{[meA].[dL].[meL].P.[Me_dL].F}$PEPTIDE3251,PEPTIDE3251,1:R1-6:R2$$$",2020_Townsend,2020,-4.98,1,-4.910984,0.9867769,1,0.5700000000000001
"PEPTIDE3397{[Me_dA].[meL].[meL].P.[Bn_Gly].F}$PEPTIDE3397,PEPTIDE3397,1:R1-6:R2$$$",2020_Townsend,2020,-4.85,1,-4.9362164,0.9944056,1,0.5700000000000001
"PEPTIDE7414{[dP].[dPye].L.[dL].[Phg].L}$PEPTIDE7414,PEPTIDE7414,1:R1-6:R2$$$",2022_Taechalertpaisarn,2022,-5.23,1,-6.057816,0.44089237,0,0.5700000000000001
"PEPTIDE3417{[meA].L.L.[dP].L.F}$PEPTIDE3417,PEPTIDE3417,1:R1-6:R2$$$",2020_Townsend,2020,-6.68,0,-6.2491555,0.3902169,0,0.5700000000000001
"PEPTIDE1266{L.[Bn_Gly].[meL].[Nle].[dP].[Mono34]}$PEPTIDE1266,PEPTIDE1266,1:R1-6:R2$$$",2016_Furukawa,2016,-5.17,1,-5.1657677,0.83294433,1,0.5700000000000001
"PEPTIDE984{[Mono14].A.F.P.L.P}$PEPTIDE984,PEPTIDE984,1:R1-6:R2$$$",2015_Bockus_2,2015,-5.28,1,-5.472866,0.7685612,1,0.5700000000000001
"PEPTIDE2706{[Pr_Gly].L.[meL].[dP].[dL].F}$PEPTIDE2706,PEPTIDE2706,1:R1-6:R2$$$",2020_Townsend,2020,-5.68,1,-5.394574,0.90117186,1,0.5700000000000001
"PEPTIDE3253{[meA].[Me_dL].L.P.[Me_dL].F}$PEPTIDE3253,PEPTIDE3253,1:R1-6:R2$$$",2020_Townsend,2020,-4.0,1,-5.1151447,0.9731688,1,0.5700000000000001
"PEPTIDE1472{L.[PhPr_Gly].[meL].[Nle].[dP].[Mono44]}$PEPTIDE1472,PEPTIDE1472,1:R1-6:R2$$$",2016_Furukawa,2016,-6.97,0,-6.313295,0.6179108,1,0.5700000000000001
"PEPTIDE2952{[dA].L.L.P.[meL].F}$PEPTIDE2952,PEPTIDE2952,1:R1-6:R2$$$",2020_Townsend,2020,-6.27,0,-6.2632527,0.3474625,0,0.5700000000000001
"PEPTIDE1271{L.[3-pyridylethyl_Gly].[meL].[Nle].[dP].[Mono34]}$PEPTIDE1271,PEPTIDE1271,1:R1-6:R2$$$",2016_Furukawa,2016,-5.48,1,-5.6780443,0.7285285,1,0.5700000000000001
"PEPTIDE1809{[dA].[cHexCH2_Gly].[dL].[Nle].[dP].[Mono34]}$PEPTIDE1809,PEPTIDE1809,1:R1-6:R2$$$",2016_Furukawa,2016,-5.44,1,-5.9368806,0.58530086,1,0.5700000000000001
"PEPTIDE1736{F.[pentyl_Gly].[dL].[Nle].[dP].[Et_Gly]}$PEPTIDE1736,PEPTIDE1736,1:R1-6:R2$$$",2016_Furukawa,2016,-4.81,1,-5.510782,0.8201629,1,0.5700000000000001
"PEPTIDE2807{[Pr_Gly].[Me_dL].[Me_dL].P.[Me_dL].F}$PEPTIDE2807,PEPTIDE2807,1:R1-6:R2$$$",2020_Townsend,2020,-4.84,1,-4.876162,0.9926329,1,0.5700000000000001
"PEPTIDE3404{[Me_dA].[meL].[bHph].P.[meL].F}$PEPTIDE3404,PEPTIDE3404,1:R1-6:R2$$$",2020_Townsend,2020,-5.1,1,-5.3863087,0.98024243,1,0.5700000000000001
"PEPTIDE2856{A.L.L.P.[Me_dL].F}$PEPTIDE2856,PEPTIDE2856,1:R1-6:R2$$$",2020_Townsend,2020,-6.19,0,-6.35479,0.29777527,0,0.5700000000000001
"PEPTIDE7427{[dP].[dA].[Pye].[dL].[Nal].L}$PEPTIDE7427,PEPTIDE7427,1:R1-6:R2$$$",2022_Taechalertpaisarn,2022,-6.29,0,-5.9342365,0.5630168,0,0.5700000000000001
"PEPTIDE2620{[bHph].[dL].[Me_dL].P.[Me_dL].F}$PEPTIDE2620,PEPTIDE2620,1:R1-6:R2$$$",2020_Townsend,2020,-5.13,1,-5.5211773,0.8796615,1,0.5700000000000001
"PEPTIDE3215{[dA].[Bn_Gly].[Bn_Gly].[dP].[Bn_Gly].F}$PEPTIDE3215,PEPTIDE3215,1:R1-6:R2$$$",2020_Townsend,2020,-6.17,0,-5.6758714,0.60740525,1,0.5700000000000001
"PEPTIDE2793{[Pr_Gly].[meL].[Me_dL].P.[dL].F}$PEPTIDE2793,PEPTIDE2793,1:R1-6:R2$$$",2020_Townsend,2020,-4.71,1,-4.902792,0.9503142,1,0.5700000000000001
"PEPTIDE1022{[meA].[dA].[dA].[dA].[Me_dA].[dA]}$PEPTIDE1022,PEPTIDE1022,1:R1-6:R2$$$",2015_Marelli,2015,-8.3,0,-8.08828,0.013221558,0,0.5700000000000001
"PEPTIDE3090{A.[meL].[dL].[dP].[Bn_Gly].F}$PEPTIDE3090,PEPTIDE3090,1:R1-6:R2$$$",2020_Townsend,2020,-5.76,1,-6.1152663,0.5401091,0,0.5700000000000001
"PEPTIDE1058{[meL].[meL].[dL].[dP].P.Y}$PEPTIDE1058,PEPTIDE1058,1:R1-6:R2$$$",2015_Wang,2015,-5.95,1,-6.0154376,0.26399034,0,0.5700000000000001
"PEPTIDE967{P.[Sta].[meL].[meL].[Sta].[meL]}$PEPTIDE967,PEPTIDE967,1:R1-6:R2$$$",2015_Bockus_1,2015,-5.1,1,-5.296497,0.99600154,1,0.5700000000000001
"PEPTIDE2535{[bHph].L.L.[dP].[meL].F}$PEPTIDE2535,PEPTIDE2535,1:R1-6:R2$$$",2020_Townsend,2020,-5.39,1,-5.849003,0.77149624,1,0.5700000000000001
"PEPTIDE2675{[bHph].L.[bHph].P.[meL].F}$PEPTIDE2675,PEPTIDE2675,1:R1-6:R2$$$",2020_Townsend,2020,-5.61,1,-6.094473,0.65902025,1,0.5700000000000001
"PEPTIDE1232{L.[PhPr_Gly].[meL].[Nle].[dP].[iBu_Gly]}$PEPTIDE1232,PEPTIDE1232,1:R1-6:R2$$$",2016_Furukawa,2016,-6.02,0,-5.7578917,0.78568065,1,0.5700000000000001
"PEPTIDE3374{[Me_dA].[dL].[bHph].P.[dL].F}$PEPTIDE3374,PEPTIDE3374,1:R1-6:R2$$$",2020_Townsend,2020,-5.26,1,-6.2426195,0.52880144,0,0.5700000000000001
"PEPTIDE1205{F.[Mono41].[meL].[Nle].[dP].[Pr_Gly]}$PEPTIDE1205,PEPTIDE1205,1:R1-6:R2$$$",2016_Furukawa,2016,-6.24,0,-6.168375,0.23039654,0,0.5700000000000001
"PEPTIDE1453{[Nal].[Mono41].[meL].[Nle].[dP].[Mono1]}$PEPTIDE1453,PEPTIDE1453,1:R1-6:R2$$$",2016_Furukawa,2016,-6.5,0,-7.6537495,0.18120934,0,0.5700000000000001
"PEPTIDE3282{[meA].[Me_dL].[Bn_Gly].P.L.F}$PEPTIDE3282,PEPTIDE3282,1:R1-6:R2$$$",2020_Townsend,2020,-10.0,0,-5.4025326,0.94149673,1,0.5700000000000001
"PEPTIDE2964{[dA].[dL].[Bn_Gly].P.[dL].F}$PEPTIDE2964,PEPTIDE2964,1:R1-6:R2$$$",2020_Townsend,2020,-6.45,0,-6.2675123,0.33925655,0,0.5700000000000001
"PEPTIDE2873{A.[dL].[dL].P.[Bn_Gly].F}$PEPTIDE2873,PEPTIDE2873,1:R1-6:R2$$$",2020_Townsend,2020,-5.9,1,-6.3467994,0.3088378,0,0.5700000000000001
"PEPTIDE1530{[Nal].[PhPr_Gly].[meL].[Nle].[dP].[Mono45]}$PEPTIDE1530,PEPTIDE1530,1:R1-6:R2$$$",2016_Furukawa,2016,-7.8,0,-7.550595,0.03922188,0,0.5700000000000001
"PEPTIDE1166{[Nal].[Bn_Gly].[meL].[Nle].[dP].[Et_Gly]}$PEPTIDE1166,PEPTIDE1166,1:R1-6:R2$$$",2016_Furukawa,2016,-6.08,0,-7.9029565,0.22286125,0,0.5700000000000001
"PEPTIDE2820{[Pr_Gly].[dL].[meL].P.[Bn_Gly].F}$PEPTIDE2820,PEPTIDE2820,1:R1-6:R2$$$",2020_Townsend,2020,-5.08,1,-5.3541317,0.9187524,1,0.5700000000000001
"PEPTIDE1725{A.[Mono38].[Me_dL].[Nle].[dP].[Mono1]}$PEPTIDE1725,PEPTIDE1725,1:R1-6:R2$$$",2016_Furukawa,2016,-5.47,1,-6.435529,0.17258282,0,0.5700000000000001
"PEPTIDE3022{[dA].[Me_dL].[bHph].P.[Bn_Gly].F}$PEPTIDE3022,PEPTIDE3022,1:R1-6:R2$$$",2020_Townsend,2020,-5.53,1,-6.2008514,0.34039664,0,0.5700000000000001
"PEPTIDE2947{[dA].[dL].L.P.[meL].F}$PEPTIDE2947,PEPTIDE2947,1:R1-6:R2$$$",2020_Townsend,2020,-6.31,0,-6.3600736,0.29358163,0,0.5700000000000001
"PEPTIDE2618{[bHph].L.L.P.[meL].F}$PEPTIDE2618,PEPTIDE2618,1:R1-6:R2$$$",2020_Townsend,2020,-5.67,1,-5.8217063,0.7439079,1,0.5700000000000001
"PEPTIDE2834{[Pr_Gly].L.[Bn_Gly].P.[Bn_Gly].F}$PEPTIDE2834,PEPTIDE2834,1:R1-6:R2$$$",2020_Townsend,2020,-5.28,1,-5.945306,0.8609107,1,0.5700000000000001
"PEPTIDE3133{[dA].[dL].L.[dP].[Me_dL].F}$PEPTIDE3133,PEPTIDE3133,1:R1-6:R2$$$",2020_Townsend,2020,-5.38,1,-6.312611,0.34651273,0,0.5700000000000001
"PEPTIDE3512{[Me_dA].[dL].L.[dP].[meL].F}$PEPTIDE3512,PEPTIDE3512,1:R1-6:R2$$$",2020_Townsend,2020,-4.96,1,-5.1753716,0.95581794,1,0.5700000000000001
"PEPTIDE1748{F.[cHexCH2_Gly].[dL].[Nle].[dP].[Mono1]}$PEPTIDE1748,PEPTIDE1748,1:R1-6:R2$$$",2016_Furukawa,2016,-5.89,1,-5.655219,0.89094263,1,0.5700000000000001
"PEPTIDE1789{[dA].[pentyl_Gly].[Me_dL].[Nle].[dP].[Mono34]}$PEPTIDE1789,PEPTIDE1789,1:R1-6:R2$$$",2016_Furukawa,2016,-5.38,1,-5.895741,0.7012467,1,0.5700000000000001
"PEPTIDE2805{[Pr_Gly].[meL].L.P.[meL].F}$PEPTIDE2805,PEPTIDE2805,1:R1-6:R2$$$",2020_Townsend,2020,-4.82,1,-4.935531,0.9574447,1,0.5700000000000001
"PEPTIDE3408{[Me_dA].[Me_dL].[bHph].P.[Bn_Gly].F}$PEPTIDE3408,PEPTIDE3408,1:R1-6:R2$$$",2020_Townsend,2020,-5.54,1,-6.1571,0.86630404,1,0.5700000000000001
"PEPTIDE2573{[bHph].L.[bHph].[dP].L.F}$PEPTIDE2573,PEPTIDE2573,1:R1-6:R2$$$",2020_Townsend,2020,-5.26,1,-5.494805,0.94191295,1,0.5700000000000001
"PEPTIDE1002{[dP].[dL].L.[dL].L.Y}$PEPTIDE1002,PEPTIDE1002,1:R1-6:R2$$$",2015_Hewitt,2015,-6.84,0,-5.810558,0.8942394,1,0.5700000000000001
"PEPTIDE2944{[dA].[Me_dL].[dL].P.L.F}$PEPTIDE2944,PEPTIDE2944,1:R1-6:R2$$$",2020_Townsend,2020,-6.06,0,-6.250084,0.37100783,0,0.5700000000000001
"PEPTIDE2649{[bHph].[Me_dL].[dL].P.[Bn_Gly].F}$PEPTIDE2649,PEPTIDE2649,1:R1-6:R2$$$",2020_Townsend,2020,-5.31,1,-5.895926,0.8009638,1,0.5700000000000001
"PEPTIDE1529{[Nal].[3-pyridylethyl_Gly].[meL].[Nle].[dP].[Mono45]}$PEPTIDE1529,PEPTIDE1529,1:R1-6:R2$$$",2016_Furukawa,2016,-6.41,0,-7.524449,0.063335106,0,0.5700000000000001
"PEPTIDE1355{F.[Bn_Gly].[meL].[Nle].[dP].[Bn(4-Cl)_Gly]}$PEPTIDE1355,PEPTIDE1355,1:R1-6:R2$$$",2016_Furukawa,2016,-8.11,0,-6.9064255,0.4086212,0,0.5700000000000001
"PEPTIDE2323{L.[Me_dA].[Me_Abu].L.[dP].[meY]}$PEPTIDE2323,PEPTIDE2323,1:R1-6:R2$$$",2018_Naylor,2018,-5.35,1,-5.9294815,0.73236156,1,0.5700000000000001
"PEPTIDE7388{[dP].[dL].[dL].[dL].L.L}$PEPTIDE7388,PEPTIDE7388,1:R1-6:R2$$$",2022_Taechalertpaisarn,2022,-5.09,1,-5.4555087,0.9286531,1,0.5700000000000001
"PEPTIDE2718{[Pr_Gly].[Me_dL].[dL].[dP].[meL].F}$PEPTIDE2718,PEPTIDE2718,1:R1-6:R2$$$",2020_Townsend,2020,-4.89,1,-5.032863,0.8559297,1,0.5700000000000001
"PEPTIDE1773{[dA].[cHexCH2_Gly].[dL].[Nle].P.[Mono34]}$PEPTIDE1773,PEPTIDE1773,1:R1-6:R2$$$",2016_Furukawa,2016,-5.81,1,-5.937683,0.55155724,0,0.5700000000000001
"PEPTIDE1569{F.[Mono38].L.[Nle].P.[Mono1]}$PEPTIDE1569,PEPTIDE1569,1:R1-6:R2$$$",2016_Furukawa,2016,-5.34,1,-5.7921286,0.71875924,1,0.5700000000000001
"PEPTIDE2976{[dA].L.[meL].P.[meL].F}$PEPTIDE2976,PEPTIDE2976,1:R1-6:R2$$$",2020_Townsend,2020,-6.02,0,-5.680544,0.8776909,1,0.5700000000000001
"PEPTIDE1660{[dA].[pentyl_Gly].L.[Nle].[dP].[Et_Gly]}$PEPTIDE1660,PEPTIDE1660,1:R1-6:R2$$$",2016_Furukawa,2016,-6.84,0,-6.3648148,0.24057694,0,0.5700000000000001
"PEPTIDE2851{A.L.[dL].P.[Me_dL].F}$PEPTIDE2851,PEPTIDE2851,1:R1-6:R2$$$",2020_Townsend,2020,-6.0,1,-6.3412614,0.26868254,0,0.5700000000000001
"PEPTIDE2826{[Pr_Gly].[Me_dL].[Bn_Gly].P.[Me_dL].F}$PEPTIDE2826,PEPTIDE2826,1:R1-6:R2$$$",2020_Townsend,2020,-5.02,1,-5.0590334,0.98677725,1,0.5700000000000001
"PEPTIDE1841{L.[dF].P.F.[dL].L}$PEPTIDE1841,PEPTIDE1841,1:R1-6:R2$$$",2016_Schwochert,2016,-4.41,1,-4.6084085,0.98185766,1,0.5700000000000001
"PEPTIDE1765{[dF].[pentyl_Gly].[Me_dL].[Nle].P.[Mono1]}$PEPTIDE1765,PEPTIDE1765,1:R1-6:R2$$$",2016_Furukawa,2016,-5.43,1,-6.0847235,0.2976329,0,0.5700000000000001
"PEPTIDE2764{[Pr_Gly].[Me_dL].[Bn_Gly].[dP].[Bn_Gly].F}$PEPTIDE2764,PEPTIDE2764,1:R1-6:R2$$$",2020_Townsend,2020,-5.76,1,-5.7619753,0.90873116,1,0.5700000000000001
"PEPTIDE2540{[bHph].L.[Me_dL].[dP].[Me_dL].F}$PEPTIDE2540,PEPTIDE2540,1:R1-6:R2$$$",2020_Townsend,2020,-5.29,1,-5.3123064,0.95109475,1,0.5700000000000001
"PEPTIDE2576{[bHph].[Bn_Gly].[Me_dL].[dP].[Me_dL].F}$PEPTIDE2576,PEPTIDE2576,1:R1-6:R2$$$",2020_Townsend,2020,-5.26,1,-6.381615,0.7892825,1,0.5700000000000001
"PEPTIDE1304{A.[Mono40].[meL].[Nle].[dP].[Mono42]}$PEPTIDE1304,PEPTIDE1304,1:R1-6:R2$$$",2016_Furukawa,2016,-8.2,0,-7.0742784,0.071762055,0,0.5700000000000001
"PEPTIDE1442{F.[Mono39].[meL].[Nle].[dP].[Mono1]}$PEPTIDE1442,PEPTIDE1442,1:R1-6:R2$$$",2016_Furukawa,2016,-7.76,0,-6.480119,0.4643928,0,0.5700000000000001
"PEPTIDE3317{[meA].[Bn_Gly].[bHph].P.[meL].F}$PEPTIDE3317,PEPTIDE3317,1:R1-6:R2$$$",2020_Townsend,2020,-5.28,1,-6.326449,0.6556532,1,0.5700000000000001
"PEPTIDE1103{P.F.F.[Ala(indol-2-yl)].V.[meL]}$PEPTIDE1103,PEPTIDE1103,1:R1-6:R2$$$",2015_Wang,2015,-10.0,0,-6.9480624,0.12633453,0,0.5700000000000001
"PEPTIDE3302{[meA].[dL].[Bn_Gly].P.[Bn_Gly].F}$PEPTIDE3302,PEPTIDE3302,1:R1-6:R2$$$",2020_Townsend,2020,-5.48,1,-5.801454,0.88837296,1,0.5700000000000001
"PEPTIDE3065{A.[dL].[Bn_Gly].[dP].[dL].F}$PEPTIDE3065,PEPTIDE3065,1:R1-6:R2$$$",2020_Townsend,2020,-5.62,1,-6.2675123,0.3520724,0,0.5700000000000001
"PEPTIDE1850{[Hph].[3Pal].[dP].[PhPr_Gly].[Nva(Ph)].[dF]}$PEPTIDE1850,PEPTIDE1850,1:R1-6:R2$$$",2017_Boehm,2017,-5.74,1,-5.555708,0.97732985,1,0.5700000000000001
"PEPTIDE1100{G.T.F.L.Y.A}$PEPTIDE1100,PEPTIDE1100,1:R1-6:R2$$$",2015_Wang,2015,-7.7,0,-7.948782,0.007825109,0,0.5700000000000001
"PEPTIDE1820{[dF].[cHexCH2_Gly].[dL].[Nle].[dP].[Mono1]}$PEPTIDE1820,PEPTIDE1820,1:R1-6:R2$$$",2016_Furukawa,2016,-8.27,0,-5.8904524,0.8447307,1,0.5700000000000001
"PEPTIDE2347{L.[dA].[Cha].[Cha].[dP].Y}$PEPTIDE2347,PEPTIDE2347,1:R1-6:R2$$$",2018_Naylor,2018,-5.85,1,-5.7491117,0.9383493,1,0.5700000000000001
"PEPTIDE977{P.[Mono29].[meL].[meL].[Sta(3R,4R)].[meL]}$PEPTIDE977,PEPTIDE977,1:R1-6:R2$$$",2015_Bockus_1,2015,-4.96,1,-5.4681563,0.96627766,1,0.5700000000000001
"PEPTIDE2829{[Pr_Gly].[Me_dL].[meL].P.[Bn_Gly].F}$PEPTIDE2829,PEPTIDE2829,1:R1-6:R2$$$",2020_Townsend,2020,-4.97,1,-5.1121716,0.9797411,1,0.5700000000000001
"PEPTIDE3548{[Me_dA].L.[bHph].[dP].[dL].F}$PEPTIDE3548,PEPTIDE3548,1:R1-6:R2$$$",2020_Townsend,2020,-6.33,0,-6.208488,0.49320295,0,0.5700000000000001
"PEPTIDE2522{[bHph].[dL].[Me_dL].[dP].[dL].F}$PEPTIDE2522,PEPTIDE2522,1:R1-6:R2$$$",2020_Townsend,2020,-5.12,1,-5.7163143,0.86998045,1,0.5700000000000001
"PEPTIDE3134{[dA].[meL].[dL].[dP].[dL].F}$PEPTIDE3134,PEPTIDE3134,1:R1-6:R2$$$",2020_Townsend,2020,-5.49,1,-6.3995667,0.30703813,0,0.5700000000000001
"PEPTIDE7390{[dP].[dL].[dPye].[dL].L.L}$PEPTIDE7390,PEPTIDE7390,1:R1-6:R2$$$",2022_Taechalertpaisarn,2022,-6.19,0,-6.4963,0.12961593,0,0.5700000000000001
"PEPTIDE1287{[Nal].[cHexCH2_Gly].[meL].[Nle].[dP].[Mono34]}$PEPTIDE1287,PEPTIDE1287,1:R1-6:R2$$$",2016_Furukawa,2016,-6.98,0,-7.703462,0.047168028,0,0.5700000000000001
"PEPTIDE2993{[dA].[Me_dL].L.P.[Bn_Gly].F}$PEPTIDE2993,PEPTIDE2993,1:R1-6:R2$$$",2020_Townsend,2020,-5.44,1,-5.775521,0.772532,1,0.5700000000000001
"PEPTIDE1423{A.[Mono39].[meL].[Nle].[dP].[Mono1]}$PEPTIDE1423,PEPTIDE1423,1:R1-6:R2$$$",2016_Furukawa,2016,-5.56,1,-5.7354465,0.30085114,0,0.5700000000000001
"PEPTIDE1141{L.[pentyl_Gly].[meL].[Nle].[dP].[Et_Gly]}$PEPTIDE1141,PEPTIDE1141,1:R1-6:R2$$$",2016_Furukawa,2016,-4.94,1,-5.22228,0.90823317,1,0.5700000000000001
"PEPTIDE1536{A.[Mono38].[meL].[Nle].P.[Et_Gly]}$PEPTIDE1536,PEPTIDE1536,1:R1-6:R2$$$",2016_Furukawa,2016,-7.17,0,-6.893965,0.08257252,0,0.5700000000000001
"PEPTIDE1358{F.[Mono38].[meL].[Nle].[dP].[Bn(4-Cl)_Gly]}$PEPTIDE1358,PEPTIDE1358,1:R1-6:R2$$$",2016_Furukawa,2016,-6.0,1,-6.0277147,0.6449417,1,0.5700000000000001
"PEPTIDE2866{A.[meL].[dL].P.[Me_dL].F}$PEPTIDE2866,PEPTIDE2866,1:R1-6:R2$$$",2020_Townsend,2020,-5.35,1,-5.7083163,0.83807445,1,0.5700000000000001
"PEPTIDE1315{F.[Bn_Gly].[meL].[Nle].[dP].[Mono42]}$PEPTIDE1315,PEPTIDE1315,1:R1-6:R2$$$",2016_Furukawa,2016,-5.42,1,-5.8822,0.6811657,1,0.5700000000000001
"PEPTIDE7461{[dL].L.[meL].[dP].Y.L}$PEPTIDE7461,PEPTIDE7461,1:R1-6:R2$$$",2023_Ghosh,2023,-5.49,1,-5.3568573,0.9712198,1,0.5700000000000001
"PEPTIDE2726{[Pr_Gly].[meL].[dL].[dP].[meL].F}$PEPTIDE2726,PEPTIDE2726,1:R1-6:R2$$$",2020_Townsend,2020,-4.83,1,-5.035268,0.89867073,1,0.5700000000000001
"PEPTIDE1740{F.[Mono38].[dL].[Nle].[dP].[Et_Gly]}$PEPTIDE1740,PEPTIDE1740,1:R1-6:R2$$$",2016_Furukawa,2016,-5.89,1,-6.385967,0.27050516,0,0.5700000000000001
"PEPTIDE1447{[Nal].[cHexCH2_Gly].[meL].[Nle].[dP].[Mono1]}$PEPTIDE1447,PEPTIDE1447,1:R1-6:R2$$$",2016_Furukawa,2016,-9.12,0,-8.150708,0.050804302,0,0.5700000000000001
"PEPTIDE3416{[meA].[dL].L.[dP].L.F}$PEPTIDE3416,PEPTIDE3416,1:R1-6:R2$$$",2020_Townsend,2020,-6.01,0,-6.307278,0.37134928,0,0.5700000000000001
"PEPTIDE3029{A.[dL].L.[dP].[dL].F}$PEPTIDE3029,PEPTIDE3029,1:R1-6:R2$$$",2020_Townsend,2020,-4.82,1,-6.5054493,0.40258688,0,0.5700000000000001
"PEPTIDE3484{[meA].[dL].[bHph].[dP].[Bn_Gly].F}$PEPTIDE3484,PEPTIDE3484,1:R1-6:R2$$$",2020_Townsend,2020,-5.64,1,-6.222769,0.4131982,0,0.5700000000000001
"PEPTIDE1081{A.G.[dF].[dL].P.Y}$PEPTIDE1081,PEPTIDE1081,1:R1-6:R2$$$",2015_Wang,2015,-8.0,0,-7.787379,0.0009527835,0,0.5700000000000001
"PEPTIDE7462{[dL].L.L.[dP].[meY].L}$PEPTIDE7462,PEPTIDE7462,1:R1-6:R2$$$",2023_Ghosh,2023,-5.34,1,-5.2307606,0.9980989,1,0.5700000000000001
"PEPTIDE1801{[dF].[pentyl_Gly].[Me_dL].[Nle].[dP].[Mono1]}$PEPTIDE1801,PEPTIDE1801,1:R1-6:R2$$$",2016_Furukawa,2016,-10.0,0,-5.8816037,0.44526985,0,0.5700000000000001
"PEPTIDE980{L.[Me_dL].[meL].L.[dP].[meY]}$PEPTIDE980,PEPTIDE980,1:R1-6:R2$$$",2015_Bockus_1,2015,-5.52,1,-5.3238535,0.8211346,1,0.5700000000000001
"PEPTIDE7454{[dL].[Leu(O->S)].L.[dP].Y.L}$PEPTIDE7454,PEPTIDE7454,1:R1-6:R2$$$",2023_Ghosh,2023,-5.37,1,-5.175496,0.9959649,1,0.5700000000000001
"PEPTIDE1414{A.[MeOEt_Gly].[meL].[Nle].[dP].[Mono1]}$PEPTIDE1414,PEPTIDE1414,1:R1-6:R2$$$",2016_Furukawa,2016,-5.93,1,-6.2051044,0.18560073,0,0.5700000000000001
"PEPTIDE1007{[dP].[dL].[dL].[dL].L.Y}$PEPTIDE1007,PEPTIDE1007,1:R1-6:R2$$$",2015_Hewitt,2015,-6.64,0,-5.9080286,0.5270131,0,0.5700000000000001
"PEPTIDE2350{L.[dNva].[Cha].[Cha].[dP].Y}$PEPTIDE2350,PEPTIDE2350,1:R1-6:R2$$$",2018_Naylor,2018,-5.86,1,-5.724572,0.96844715,1,0.5700000000000001
"PEPTIDE2697{[Pr_Gly].[dL].[dL].[dP].[Me_dL].F}$PEPTIDE2697,PEPTIDE2697,1:R1-6:R2$$$",2020_Townsend,2020,-6.02,0,-5.501534,0.86877,1,0.5700000000000001
"PEPTIDE3305{[meA].L.[Bn_Gly].P.[Bn_Gly].F}$PEPTIDE3305,PEPTIDE3305,1:R1-6:R2$$$",2020_Townsend,2020,-5.48,1,-5.8768044,0.8550598,1,0.5700000000000001
"PEPTIDE2673{[bHph].[dL].[Bn_Gly].P.[Bn_Gly].F}$PEPTIDE2673,PEPTIDE2673,1:R1-6:R2$$$",2020_Townsend,2020,-6.02,0,-5.9383802,0.6746262,1,0.5700000000000001
"PEPTIDE1490{[Nal].[PhPr_Gly].[meL].[Nle].[dP].[Mono44]}$PEPTIDE1490,PEPTIDE1490,1:R1-6:R2$$$",2016_Furukawa,2016,-10.0,0,-7.647528,0.02028795,0,0.5700000000000001
"PEPTIDE1581{A.[Mono38].[meL].[Nle].[dP].[Mono1]}$PEPTIDE1581,PEPTIDE1581,1:R1-6:R2$$$",2016_Furukawa,2016,-5.54,1,-6.3744173,0.18802375,0,0.5700000000000001
"PEPTIDE3115{A.[Bn_Gly].[bHph].[dP].L.F}$PEPTIDE3115,PEPTIDE3115,1:R1-6:R2$$$",2020_Townsend,2020,-10.0,0,-6.61042,0.06533819,0,0.5700000000000001
"PEPTIDE1804{[dA].[pentyl_Gly].[dL].[Nle].[dP].[Et_Gly]}$PEPTIDE1804,PEPTIDE1804,1:R1-6:R2$$$",2016_Furukawa,2016,-6.36,0,-6.4237094,0.2446915,0,0.5700000000000001
"PEPTIDE1435{F.[Bn_Gly].[meL].[Nle].[dP].[Mono1]}$PEPTIDE1435,PEPTIDE1435,1:R1-6:R2$$$",2016_Furukawa,2016,-7.51,0,-6.093067,0.4121305,0,0.5700000000000001
"PEPTIDE1479{F.[3-pyridylethyl_Gly].[meL].[Nle].[dP].[Mono44]}$PEPTIDE1479,PEPTIDE1479,1:R1-6:R2$$$",2016_Furukawa,2016,-5.57,1,-5.5595927,0.71979547,1,0.5700000000000001
"PEPTIDE1518{F.[Mono38].[meL].[Nle].[dP].[Mono45]}$PEPTIDE1518,PEPTIDE1518,1:R1-6:R2$$$",2016_Furukawa,2016,-5.4,1,-6.7806544,0.09548901,0,0.5700000000000001
"PEPTIDE2869{A.[Me_dL].[Me_dL].P.L.F}$PEPTIDE2869,PEPTIDE2869,1:R1-6:R2$$$",2020_Townsend,2020,-5.41,1,-5.5463333,0.76205695,1,0.5700000000000001
"PEPTIDE1254{A.[MeOEt_Gly].[meL].[Nle].[dP].[Mono34]}$PEPTIDE1254,PEPTIDE1254,1:R1-6:R2$$$",2016_Furukawa,2016,-6.32,0,-6.5871162,0.116266266,0,0.5700000000000001
"PEPTIDE1220{A.[3-pyridylethyl_Gly].[meL].[Nle].[dP].[iBu_Gly]}$PEPTIDE1220,PEPTIDE1220,1:R1-6:R2$$$",2016_Furukawa,2016,-6.54,0,-5.8764334,0.5152017,0,0.5700000000000001
"PEPTIDE3209{[dA].[Me_dL].[bHph].[dP].[meL].F}$PEPTIDE3209,PEPTIDE3209,1:R1-6:R2$$$",2020_Townsend,2020,-5.3,1,-5.605108,0.70687366,1,0.5700000000000001
"PEPTIDE1698{A.[Mono38].[dL].[Nle].P.[Et_Gly]}$PEPTIDE1698,PEPTIDE1698,1:R1-6:R2$$$",2016_Furukawa,2016,-7.48,0,-7.15161,0.01568452,0,0.5700000000000001
"PEPTIDE3145{[dA].[dL].[Me_dL].[dP].[meL].F}$PEPTIDE3145,PEPTIDE3145,1:R1-6:R2$$$",2020_Townsend,2020,-6.25,0,-5.7574086,0.7647486,1,0.5700000000000001
"PEPTIDE1301{L.[pentyl_Gly].[meL].[Nle].[dP].[Mono42]}$PEPTIDE1301,PEPTIDE1301,1:R1-6:R2$$$",2016_Furukawa,2016,-5.27,1,-6.0699415,0.51229185,0,0.5700000000000001
"PEPTIDE3535{[Me_dA].L.[dL].[dP].[Bn_Gly].F}$PEPTIDE3535,PEPTIDE3535,1:R1-6:R2$$$",2020_Townsend,2020,-5.69,1,-5.6353855,0.92752033,1,0.5700000000000001
"PEPTIDE2624{[bHph].[Me_dL].[meL].P.[dL].F}$PEPTIDE2624,PEPTIDE2624,1:R1-6:R2$$$",2020_Townsend,2020,-5.21,1,-5.5278325,0.8757546,1,0.5700000000000001
"PEPTIDE3468{[meA].[meL].L.[dP].[Bn_Gly].F}$PEPTIDE3468,PEPTIDE3468,1:R1-6:R2$$$",2020_Townsend,2020,-5.23,1,-5.269085,0.96839476,1,0.5700000000000001
"PEPTIDE2463{Y.[meL].[dL].L.L.[dP]}$PEPTIDE2463,PEPTIDE2463,1:R1-6:R2$$$",2020_Hosono,2020,-6.22,0,-6.170387,0.24121681,0,0.5700000000000001
"PEPTIDE3304{[meA].[meL].[Bn_Gly].P.[meL].F}$PEPTIDE3304,PEPTIDE3304,1:R1-6:R2$$$",2020_Townsend,2020,-4.81,1,-4.970614,0.9894559,1,0.5700000000000001
"PEPTIDE1216{A.[Bn_Gly].[meL].[Nle].[dP].[iBu_Gly]}$PEPTIDE1216,PEPTIDE1216,1:R1-6:R2$$$",2016_Furukawa,2016,-4.98,1,-5.657663,0.78701264,1,0.5700000000000001
"PEPTIDE1028{[meL].[Me_dL].[dL].P.[Me_dY].[dL]}$PEPTIDE1028,PEPTIDE1028,1:R1-6:R2$$$",2015_Marelli,2015,-4.3,1,-4.9580016,0.9397477,1,0.5700000000000001
"PEPTIDE1283{[Nal].[pentyl_Gly].[meL].[Nle].[dP].[Mono34]}$PEPTIDE1283,PEPTIDE1283,1:R1-6:R2$$$",2016_Furukawa,2016,-7.19,0,-7.4878664,0.046110712,0,0.5700000000000001
"PEPTIDE3303{[meA].[meL].[meL].P.[Bn_Gly].F}$PEPTIDE3303,PEPTIDE3303,1:R1-6:R2$$$",2020_Townsend,2020,-5.75,1,-4.9418917,0.990607,1,0.5700000000000001
"PEPTIDE1506{L.[Bn_Gly].[meL].[Nle].[dP].[Mono45]}$PEPTIDE1506,PEPTIDE1506,1:R1-6:R2$$$",2016_Furukawa,2016,-5.66,1,-6.735757,0.20117423,0,0.5700000000000001
"PEPTIDE1068{L.L.[dL].[dP].P.[Ala(indol-2-yl)]}$PEPTIDE1068,PEPTIDE1068,1:R1-6:R2$$$",2015_Wang,2015,-6.72,0,-6.113674,0.24816322,0,0.5700000000000001
"PEPTIDE3459{[meA].[dL].[bHph].[dP].L.F}$PEPTIDE3459,PEPTIDE3459,1:R1-6:R2$$$",2020_Townsend,2020,-5.95,1,-6.308056,0.38845292,0,0.5700000000000001
"PEPTIDE3375{[Me_dA].[Me_dL].[dL].P.[Bn_Gly].F}$PEPTIDE3375,PEPTIDE3375,1:R1-6:R2$$$",2020_Townsend,2020,-4.94,1,-5.3695607,0.9497868,1,0.5700000000000001
"PEPTIDE3499{[Me_dA].[dL].[dL].[dP].[Me_dL].F}$PEPTIDE3499,PEPTIDE3499,1:R1-6:R2$$$",2020_Townsend,2020,-5.97,1,-5.712641,0.7661861,1,0.5700000000000001
"PEPTIDE3271{[meA].[Me_dL].[Me_dL].P.[meL].F}$PEPTIDE3271,PEPTIDE3271,1:R1-6:R2$$$",2020_Townsend,2020,-4.4,1,-4.705351,0.9963392,1,0.5700000000000001
"PEPTIDE1623{[dF].[Mono38].[meL].[Nle].P.[Mono1]}$PEPTIDE1623,PEPTIDE1623,1:R1-6:R2$$$",2016_Furukawa,2016,-6.17,0,-5.6077085,0.8252557,1,0.5700000000000001
"PEPTIDE1599{A.[Mono38].L.[Nle].[dP].[Mono1]}$PEPTIDE1599,PEPTIDE1599,1:R1-6:R2$$$",2016_Furukawa,2016,-6.34,0,-6.482328,0.025149364,0,0.5700000000000001
"PEPTIDE18{[Tyr(Me)].[dP].L.L.[dL].L}$PEPTIDE18,PEPTIDE18,1:R1-6:R2$$$",2006_Rezai_2,2006,-6.75,0,-6.807187,0.024949241,0,0.5700000000000001
"PEPTIDE1349{L.[Mono38].[meL].[Nle].[dP].[Bn(4-Cl)_Gly]}$PEPTIDE1349,PEPTIDE1349,1:R1-6:R2$$$",2016_Furukawa,2016,-5.22,1,-5.57828,0.6529415,1,0.5700000000000001
"PEPTIDE1329{[Nal].[3-pyridylethyl_Gly].[meL].[Nle].[dP].[Mono42]}$PEPTIDE1329,PEPTIDE1329,1:R1-6:R2$$$",2016_Furukawa,2016,-6.02,0,-7.6361437,0.30236834,0,0.5700000000000001
"PEPTIDE1439{F.[3-pyridylethyl_Gly].[meL].[Nle].[dP].[Mono1]}$PEPTIDE1439,PEPTIDE1439,1:R1-6:R2$$$",2016_Furukawa,2016,-5.8,1,-5.852558,0.54807967,0,0.5700000000000001
"PEPTIDE3443{[meA].[Me_dL].[meL].[dP].L.F}$PEPTIDE3443,PEPTIDE3443,1:R1-6:R2$$$",2020_Townsend,2020,-5.26,1,-4.884737,0.97750956,1,0.5700000000000001
"PEPTIDE2586{[bHph].[meL].[bHph].[dP].[Me_dL].F}$PEPTIDE2586,PEPTIDE2586,1:R1-6:R2$$$",2020_Townsend,2020,-4.99,1,-6.431011,0.6300365,1,0.5700000000000001
"PEPTIDE1589{A.[cHexCH2_Gly].L.[Nle].[dP].[Et_Gly]}$PEPTIDE1589,PEPTIDE1589,1:R1-6:R2$$$",2016_Furukawa,2016,-6.11,0,-6.2644067,0.34680322,0,0.5700000000000001
"PEPTIDE3301{[meA].[Me_dL].[meL].P.[Bn_Gly].F}$PEPTIDE3301,PEPTIDE3301,1:R1-6:R2$$$",2020_Townsend,2020,-4.76,1,-4.950063,0.99236214,1,0.5700000000000001
"PEPTIDE1073{F.[dF].F.F.[dP].[Ala(indol-2-yl)]}$PEPTIDE1073,PEPTIDE1073,1:R1-6:R2$$$",2015_Wang,2015,-10.0,0,-6.056766,0.5833021,1,0.5700000000000001
"PEPTIDE3142{[dA].L.L.[dP].[meL].F}$PEPTIDE3142,PEPTIDE3142,1:R1-6:R2$$$",2020_Townsend,2020,-5.64,1,-5.7662907,0.8409578,1,0.5700000000000001
"PEPTIDE2553{[bHph].L.[Bn_Gly].[dP].[dL].F}$PEPTIDE2553,PEPTIDE2553,1:R1-6:R2$$$",2020_Townsend,2020,-5.32,1,-5.8349314,0.81912225,1,0.5700000000000001
"PEPTIDE3541{[Me_dA].[meL].[Me_dL].[dP].[Me_dL].F}$PEPTIDE3541,PEPTIDE3541,1:R1-6:R2$$$",2020_Townsend,2020,-4.9,1,-4.878538,0.98695487,1,0.5700000000000001
"PEPTIDE7391{[dP].[dL].[dL].[dPye].L.L}$PEPTIDE7391,PEPTIDE7391,1:R1-6:R2$$$",2022_Taechalertpaisarn,2022,-6.53,0,-6.5141716,0.12051684,0,0.5700000000000001
"PEPTIDE2937{[dA].[Me_dL].[dL].P.[dL].F}$PEPTIDE2937,PEPTIDE2937,1:R1-6:R2$$$",2020_Townsend,2020,-5.88,1,-6.3932166,0.32323402,0,0.5700000000000001
"PEPTIDE1749{F.[Mono38].[dL].[Nle].[dP].[Mono1]}$PEPTIDE1749,PEPTIDE1749,1:R1-6:R2$$$",2016_Furukawa,2016,-5.06,1,-5.903363,0.52077025,0,0.5700000000000001
"PEPTIDE2689{[bHph].[Bn_Gly].[Bn_Gly].P.[Bn_Gly].F}$PEPTIDE2689,PEPTIDE2689,1:R1-6:R2$$$",2020_Townsend,2020,-6.17,0,-6.072212,0.54428107,0,0.5700000000000001
"PEPTIDE26{[Me_dL].[meL].L.[meL].[dP].[meY]}$PEPTIDE26,PEPTIDE26,1:R1-6:R2$$$",2011_White,2011,-5.39,1,-5.42463,0.98271203,1,0.5700000000000001
"PEPTIDE2526{[bHph].L.[Me_dL].[dP].[dL].F}$PEPTIDE2526,PEPTIDE2526,1:R1-6:R2$$$",2020_Townsend,2020,-5.48,1,-5.716077,0.8106725,1,0.5700000000000001
"PEPTIDE1576{A.[Mono38].[meL].[Nle].[dP].[Mono34]}$PEPTIDE1576,PEPTIDE1576,1:R1-6:R2$$$",2016_Furukawa,2016,-6.19,0,-6.575089,0.35452238,0,0.5700000000000001
"PEPTIDE3335{[Me_dA].[Me_dL].L.P.[dL].F}$PEPTIDE3335,PEPTIDE3335,1:R1-6:R2$$$",2020_Townsend,2020,-4.97,1,-5.344736,0.91800964,1,0.5700000000000001
"PEPTIDE3172{[dA].L.L.[dP].[Bn_Gly].F}$PEPTIDE3172,PEPTIDE3172,1:R1-6:R2$$$",2020_Townsend,2020,-5.68,1,-6.120633,0.6605416,1,0.5700000000000001
"PEPTIDE3341{[Me_dA].L.[Me_dL].P.L.F}$PEPTIDE3341,PEPTIDE3341,1:R1-6:R2$$$",2020_Townsend,2020,-5.02,1,-5.632359,0.79638684,1,0.5700000000000001
"PEPTIDE1541{F.[cHexCH2_Gly].[meL].[Nle].P.[Et_Gly]}$PEPTIDE1541,PEPTIDE1541,1:R1-6:R2$$$",2016_Furukawa,2016,-5.07,1,-5.352548,0.8572585,1,0.5700000000000001
"PEPTIDE3043{A.L.[meL].[dP].[dL].F}$PEPTIDE3043,PEPTIDE3043,1:R1-6:R2$$$",2020_Townsend,2020,-6.52,0,-6.1971297,0.27750388,0,0.5700000000000001
"PEPTIDE1467{F.[MeOEt_Gly].[meL].[Nle].[dP].[Mono44]}$PEPTIDE1467,PEPTIDE1467,1:R1-6:R2$$$",2016_Furukawa,2016,-5.38,1,-5.546057,0.7919649,1,0.5700000000000001
"PEPTIDE2639{[bHph].L.[meL].P.[meL].F}$PEPTIDE2639,PEPTIDE2639,1:R1-6:R2$$$",2020_Townsend,2020,-5.14,1,-5.6148157,0.89207286,1,0.5700000000000001
"PEPTIDE3020{[dA].L.[bHph].P.[Bn_Gly].F}$PEPTIDE3020,PEPTIDE3020,1:R1-6:R2$$$",2020_Townsend,2020,-5.96,1,-6.521452,0.13695696,0,0.5700000000000001
"PEPTIDE2460{Y.L.[dL].[(N->O)Leu].L.[dP]}$PEPTIDE2460,PEPTIDE2460,1:R1-6:R2$$$",2020_Hosono,2020,-5.39,1,-5.622462,0.9294457,1,0.5700000000000001
"PEPTIDE3005{[dA].[Me_dL].[bHph].P.L.F}$PEPTIDE3005,PEPTIDE3005,1:R1-6:R2$$$",2020_Townsend,2020,-5.93,1,-6.485661,0.33804116,0,0.5700000000000001
"PEPTIDE3555{[Me_dA].[Me_dL].L.[dP].[Bn_Gly].F}$PEPTIDE3555,PEPTIDE3555,1:R1-6:R2$$$",2020_Townsend,2020,-5.55,1,-5.1958942,0.9771426,1,0.5700000000000001
"PEPTIDE2578{[bHph].[dL].[bHph].[dP].[meL].F}$PEPTIDE2578,PEPTIDE2578,1:R1-6:R2$$$",2020_Townsend,2020,-5.63,1,-6.017463,0.7179926,1,0.5700000000000001
"PEPTIDE1171{[Nal].[Mono39].[meL].[Nle].[dP].[Et_Gly]}$PEPTIDE1171,PEPTIDE1171,1:R1-6:R2$$$",2016_Furukawa,2016,-6.32,0,-7.048257,0.163502,0,0.5700000000000001
"PEPTIDE7452{[dL].L.L.[dP].Y.L}$PEPTIDE7452,PEPTIDE7452,1:R1-6:R2$$$",2023_Ghosh,2023,-5.6,1,-5.8173175,0.912117,1,0.5700000000000001
"PEPTIDE2804{[Pr_Gly].L.[dL].P.[Bn_Gly].F}$PEPTIDE2804,PEPTIDE2804,1:R1-6:R2$$$",2020_Townsend,2020,-5.59,1,-5.5950675,0.824157,1,0.5700000000000001
"PEPTIDE2527{[bHph].[dL].[meL].[dP].[dL].F}$PEPTIDE2527,PEPTIDE2527,1:R1-6:R2$$$",2020_Townsend,2020,-5.6,1,-5.612436,0.8262736,1,0.5700000000000001
"PEPTIDE2746{[Pr_Gly].[Me_dL].L.[dP].[Bn_Gly].F}$PEPTIDE2746,PEPTIDE2746,1:R1-6:R2$$$",2020_Townsend,2020,-5.37,1,-5.1635056,0.91561025,1,0.5700000000000001
"PEPTIDE3343{[Me_dA].L.L.P.[meL].F}$PEPTIDE3343,PEPTIDE3343,1:R1-6:R2$$$",2020_Townsend,2020,-5.4,1,-5.6506977,0.80866975,1,0.5700000000000001
"PEPTIDE2812{[Pr_Gly].[dL].[Bn_Gly].P.[Me_dL].F}$PEPTIDE2812,PEPTIDE2812,1:R1-6:R2$$$",2020_Townsend,2020,-5.24,1,-5.345768,0.9081331,1,0.5700000000000001
"PEPTIDE1362{F.[Mono39].[meL].[Nle].[dP].[Bn(4-Cl)_Gly]}$PEPTIDE1362,PEPTIDE1362,1:R1-6:R2$$$",2016_Furukawa,2016,-8.36,0,-6.73566,0.23718652,0,0.5700000000000001
"PEPTIDE3482{[meA].[Me_dL].[Bn_Gly].[dP].[Bn_Gly].F}$PEPTIDE3482,PEPTIDE3482,1:R1-6:R2$$$",2020_Townsend,2020,-5.89,1,-5.7095485,0.953252,1,0.5700000000000001
"PEPTIDE3027{A.L.[dL].[dP].[dL].F}$PEPTIDE3027,PEPTIDE3027,1:R1-6:R2$$$",2020_Townsend,2020,-10.0,0,-6.18992,0.53067386,0,0.5700000000000001
"PEPTIDE2885{A.[Me_dL].[Me_dL].P.[Me_dL].F}$PEPTIDE2885,PEPTIDE2885,1:R1-6:R2$$$",2020_Townsend,2020,-5.22,1,-5.3021507,0.96885216,1,0.5700000000000001
"PEPTIDE1847{L.[dF].[dP].F.[dL].I}$PEPTIDE1847,PEPTIDE1847,1:R1-6:R2$$$",2016_Schwochert,2016,-4.74,1,-4.8341513,0.9801931,1,0.5700000000000001
"PEPTIDE1534{A.[pentyl_Gly].[meL].[Nle].P.[Et_Gly]}$PEPTIDE1534,PEPTIDE1534,1:R1-6:R2$$$",2016_Furukawa,2016,-5.54,1,-6.2227306,0.29868478,0,0.5700000000000001
"PEPTIDE2739{[Pr_Gly].[Me_dL].[meL].[dP].[Me_dL].F}$PEPTIDE2739,PEPTIDE2739,1:R1-6:R2$$$",2020_Townsend,2020,-5.09,1,-5.0568404,0.9720382,1,0.5700000000000001
"PEPTIDE2846{A.[Me_dL].[dL].P.[dL].F}$PEPTIDE2846,PEPTIDE2846,1:R1-6:R2$$$",2020_Townsend,2020,-5.95,1,-6.389731,0.3000073,0,0.5700000000000001
"PEPTIDE7484{[dW].K.[Thr(O->S)].F.P.F}$PEPTIDE7484,PEPTIDE7484,1:R1-6:R2$$$",2023_Ghosh,2023,-6.0,1,-5.811039,0.9807509,1,0.5700000000000001
"PEPTIDE993{[Mono14].[Tle].F.P.I.P}$PEPTIDE993,PEPTIDE993,1:R1-6:R2$$$",2015_Bockus_2,2015,-5.66,1,-5.3306565,0.96018296,1,0.5700000000000001
"PEPTIDE2803{[Pr_Gly].[dL].L.P.[Bn_Gly].F}$PEPTIDE2803,PEPTIDE2803,1:R1-6:R2$$$",2020_Townsend,2020,-5.5,1,-5.6183257,0.838992,1,0.5700000000000001
"PEPTIDE1368{[Nal].[Mono38].[meL].[Nle].[dP].[Bn(4-Cl)_Gly]}$PEPTIDE1368,PEPTIDE1368,1:R1-6:R2$$$",2016_Furukawa,2016,-7.82,0,-8.662341,0.041687604,0,0.5700000000000001
"PEPTIDE1011{[dP].[meL].[Me_dL].[dL].[meL].Y}$PEPTIDE1011,PEPTIDE1011,1:R1-6:R2$$$",2015_Hewitt,2015,-6.26,0,-6.038299,0.31749564,0,0.5700000000000001
"PEPTIDE1291{[Nal].[Mono39].[meL].[Nle].[dP].[Mono34]}$PEPTIDE1291,PEPTIDE1291,1:R1-6:R2$$$",2016_Furukawa,2016,-6.8,0,-8.30333,0.03127607,0,0.5700000000000001
"PEPTIDE1676{[dF].[cHexCH2_Gly].L.[Nle].[dP].[Mono1]}$PEPTIDE1676,PEPTIDE1676,1:R1-6:R2$$$",2016_Furukawa,2016,-5.62,1,-5.6301746,0.8769065,1,0.5700000000000001
"PEPTIDE3265{[meA].[dL].L.P.[Bn_Gly].F}$PEPTIDE3265,PEPTIDE3265,1:R1-6:R2$$$",2020_Townsend,2020,-5.35,1,-5.945457,0.38557342,0,0.5700000000000001
"PEPTIDE2775{[Pr_Gly].[dL].[dL].P.[Me_dL].F}$PEPTIDE2775,PEPTIDE2775,1:R1-6:R2$$$",2020_Townsend,2020,-5.95,1,-5.2128196,0.9641939,1,0.5700000000000001
"PEPTIDE3097{A.[meL].L.[dP].[Bn_Gly].F}$PEPTIDE3097,PEPTIDE3097,1:R1-6:R2$$$",2020_Townsend,2020,-5.74,1,-6.141494,0.575428,1,0.5700000000000001
"PEPTIDE3273{[meA].[meL].[Me_dL].P.[Me_dL].F}$PEPTIDE3273,PEPTIDE3273,1:R1-6:R2$$$",2020_Townsend,2020,-4.0,1,-4.705351,0.9963392,1,0.5700000000000001
"PEPTIDE2750{[Pr_Gly].L.[meL].[dP].[Bn_Gly].F}$PEPTIDE2750,PEPTIDE2750,1:R1-6:R2$$$",2020_Townsend,2020,-5.13,1,-5.1854763,0.88651496,1,0.5700000000000001
"PEPTIDE3124{[dA].L.L.[dP].L.F}$PEPTIDE3124,PEPTIDE3124,1:R1-6:R2$$$",2020_Townsend,2020,-6.61,0,-6.0010643,0.5755829,1,0.5700000000000001
"PEPTIDE2338{L.[dL].L.L.[dP].F}$PEPTIDE2338,PEPTIDE2338,1:R1-6:R2$$$",2018_Naylor,2018,-5.06,1,-5.089705,0.92578834,1,0.5700000000000001
"PEPTIDE1407{[Nal].[cHexCH2_Gly].[meL].[Nle].[dP].[Mono43]}$PEPTIDE1407,PEPTIDE1407,1:R1-6:R2$$$",2016_Furukawa,2016,-8.84,0,-7.937431,0.09165314,0,0.5700000000000001
"PEPTIDE1078{A.G.F.L.[dP].Y}$PEPTIDE1078,PEPTIDE1078,1:R1-6:R2$$$",2015_Wang,2015,-8.0,0,-7.813653,0.0011942027,0,0.5700000000000001
"PEPTIDE2871{A.[Bn_Gly].[dL].P.[dL].F}$PEPTIDE2871,PEPTIDE2871,1:R1-6:R2$$$",2020_Townsend,2020,-6.43,0,-6.344841,0.30447054,0,0.5700000000000001
"PEPTIDE2998{[dA].[meL].L.P.[Bn_Gly].F}$PEPTIDE2998,PEPTIDE2998,1:R1-6:R2$$$",2020_Townsend,2020,-5.5,1,-5.797004,0.6989931,1,0.5700000000000001
"PEPTIDE2777{[Pr_Gly].[dL].[Me_dL].P.[dL].F}$PEPTIDE2777,PEPTIDE2777,1:R1-6:R2$$$",2020_Townsend,2020,-4.96,1,-5.401812,0.89796907,1,0.5700000000000001
"PEPTIDE3202{[dA].[Me_dL].[Bn_Gly].[dP].[meL].F}$PEPTIDE3202,PEPTIDE3202,1:R1-6:R2$$$",2020_Townsend,2020,-5.0,1,-5.453137,0.9054684,1,0.5700000000000001
"PEPTIDE2518{[bHph].L.[dL].[dP].L.F}$PEPTIDE2518,PEPTIDE2518,1:R1-6:R2$$$",2020_Townsend,2020,-5.77,1,-5.3860517,0.9314012,1,0.5700000000000001
"PEPTIDE2558{[bHph].[Bn_Gly].L.[dP].L.F}$PEPTIDE2558,PEPTIDE2558,1:R1-6:R2$$$",2020_Townsend,2020,-5.51,1,-5.879145,0.7662206,1,0.5700000000000001
"PEPTIDE1498{A.[Mono38].[meL].[Nle].[dP].[Mono45]}$PEPTIDE1498,PEPTIDE1498,1:R1-6:R2$$$",2016_Furukawa,2016,-6.67,0,-5.8211823,0.29273623,0,0.5700000000000001
"PEPTIDE3080{A.[meL].[Me_dL].[dP].[Me_dL].F}$PEPTIDE3080,PEPTIDE3080,1:R1-6:R2$$$",2020_Townsend,2020,-5.84,1,-5.28489,0.79765195,1,0.5700000000000001
"PEPTIDE2970{[dA].[Me_dL].L.P.[meL].F}$PEPTIDE2970,PEPTIDE2970,1:R1-6:R2$$$",2020_Townsend,2020,-5.3,1,-5.8420157,0.68174785,1,0.5700000000000001
"PEPTIDE1401{F.[PhPr_Gly].[meL].[Nle].[dP].[Mono43]}$PEPTIDE1401,PEPTIDE1401,1:R1-6:R2$$$",2016_Furukawa,2016,-8.51,0,-7.9323373,0.12224149,0,0.5700000000000001
"PEPTIDE3100{A.[Me_dL].[Me_dL].[dP].[Bn_Gly].F}$PEPTIDE3100,PEPTIDE3100,1:R1-6:R2$$$",2020_Townsend,2020,-5.1,1,-5.198785,0.9332287,1,0.5700000000000001
"PEPTIDE2809{[Pr_Gly].[meL].[Me_dL].P.[Me_dL].F}$PEPTIDE2809,PEPTIDE2809,1:R1-6:R2$$$",2020_Townsend,2020,-4.77,1,-4.879011,0.99249387,1,0.5700000000000001
"PEPTIDE1815{[dA].[Mono38].[dL].[Nle].[dP].[Mono1]}$PEPTIDE1815,PEPTIDE1815,1:R1-6:R2$$$",2016_Furukawa,2016,-5.89,1,-6.497214,0.10856439,0,0.5700000000000001
"PEPTIDE2755{[Pr_Gly].[Me_dL].[Bn_Gly].[dP].[Me_dL].F}$PEPTIDE2755,PEPTIDE2755,1:R1-6:R2$$$",2020_Townsend,2020,-5.34,1,-5.205651,0.92172074,1,0.5700000000000001
"PEPTIDE931{[Mono14].[Tle].F.P.I.P}$PEPTIDE931,PEPTIDE931,1:R1-6:R2$$$",2014_Nielsen,2014,-5.92,1,-5.3589907,0.9538846,1,0.5700000000000001
"PEPTIDE1859{[Ala(tBu)].[Tza].[dP].[Mono48].[Ser(Bn)].[dF]}$PEPTIDE1859,PEPTIDE1859,1:R1-6:R2$$$",2017_Boehm,2017,-5.21,1,-5.763789,0.93120766,1,0.5700000000000001
"PEPTIDE1258{A.[Mono38].[meL].[Nle].[dP].[Mono34]}$PEPTIDE1258,PEPTIDE1258,1:R1-6:R2$$$",2016_Furukawa,2016,-6.47,0,-6.8059697,0.19705206,0,0.5700000000000001
"PEPTIDE3248{[meA].[Me_dL].[dL].P.[meL].F}$PEPTIDE3248,PEPTIDE3248,1:R1-6:R2$$$",2020_Townsend,2020,-4.74,1,-4.9052463,0.9870543,1,0.5700000000000001
"PEPTIDE1278{F.[Mono38].[meL].[Nle].[dP].[Mono34]}$PEPTIDE1278,PEPTIDE1278,1:R1-6:R2$$$",2016_Furukawa,2016,-5.11,1,-5.714958,0.6493355,1,0.5700000000000001
"PEPTIDE2565{[bHph].[meL].[meL].[dP].[Me_dL].F}$PEPTIDE2565,PEPTIDE2565,1:R1-6:R2$$$",2020_Townsend,2020,-5.21,1,-5.899634,0.7756692,1,0.5700000000000001
"PEPTIDE3235{[meA].[dL].[meL].P.L.F}$PEPTIDE3235,PEPTIDE3235,1:R1-6:R2$$$",2020_Townsend,2020,-5.78,1,-5.6846848,0.802363,1,0.5700000000000001
"PEPTIDE3359{[Me_dA].[meL].[dL].P.[meL].F}$PEPTIDE3359,PEPTIDE3359,1:R1-6:R2$$$",2020_Townsend,2020,-4.8,1,-5.04782,0.98383856,1,0.5700000000000001
"PEPTIDE3330{[Me_dA].[meL].[dL].P.[dL].F}$PEPTIDE3330,PEPTIDE3330,1:R1-6:R2$$$",2020_Townsend,2020,-5.55,1,-5.2687545,0.9477832,1,0.5700000000000001
"PEPTIDE2975{[dA].L.[dL].P.[Bn_Gly].F}$PEPTIDE2975,PEPTIDE2975,1:R1-6:R2$$$",2020_Townsend,2020,-6.32,0,-6.3037977,0.38148358,0,0.5700000000000001
"PEPTIDE2320{L.[Me_dNva].[Me_Cha].[Cha].[dP].[meF]}$PEPTIDE2320,PEPTIDE2320,1:R1-6:R2$$$",2018_Naylor,2018,-6.49,0,-6.684906,0.51395005,0,0.5700000000000001
"PEPTIDE2994{[dA].[meL].[meL].P.[meL].F}$PEPTIDE2994,PEPTIDE2994,1:R1-6:R2$$$",2020_Townsend,2020,-5.22,1,-4.9716916,0.98817384,1,0.5700000000000001
"PEPTIDE3344{[Me_dA].[meL].L.P.L.F}$PEPTIDE3344,PEPTIDE3344,1:R1-6:R2$$$",2020_Townsend,2020,-5.79,1,-5.7096686,0.59821445,1,0.5700000000000001
"PEPTIDE1778{[dA].[cHexCH2_Gly].[dL].[Nle].P.[Mono1]}$PEPTIDE1778,PEPTIDE1778,1:R1-6:R2$$$",2016_Furukawa,2016,-5.42,1,-5.7216873,0.89389545,1,0.5700000000000001
"PEPTIDE998{[Mono14].L.[meF].P.I.P}$PEPTIDE998,PEPTIDE998,1:R1-6:R2$$$",2015_Bockus_2,2015,-4.76,1,-5.5129075,0.97015697,1,0.5700000000000001
"PEPTIDE2392{[dP].[dL].[dL].L.[dL].Y}$PEPTIDE2392,PEPTIDE2392,1:R1-6:R2$$$",2019_Ono,2019,-5.14,1,-5.766491,0.77352166,1,0.5700000000000001
"PEPTIDE2817{[Pr_Gly].[dL].[Bn_Gly].P.[meL].F}$PEPTIDE2817,PEPTIDE2817,1:R1-6:R2$$$",2020_Townsend,2020,-4.88,1,-5.525466,0.86710626,1,0.5700000000000001
"PEPTIDE1687{A.[pentyl_Gly].[Me_dL].[Nle].P.[Mono1]}$PEPTIDE1687,PEPTIDE1687,1:R1-6:R2$$$",2016_Furukawa,2016,-4.84,1,-5.5760107,0.77851313,1,0.5700000000000001
"PEPTIDE2696{[Pr_Gly].L.L.[dP].L.F}$PEPTIDE2696,PEPTIDE2696,1:R1-6:R2$$$",2020_Townsend,2020,-6.62,0,-5.7977347,0.7180664,1,0.5700000000000001
"PEPTIDE3141{[dA].[meL].L.[dP].L.F}$PEPTIDE3141,PEPTIDE3141,1:R1-6:R2$$$",2020_Townsend,2020,-5.99,1,-5.7572947,0.8223436,1,0.5700000000000001
"PEPTIDE1494{A.[MeOEt_Gly].[meL].[Nle].[dP].[Mono45]}$PEPTIDE1494,PEPTIDE1494,1:R1-6:R2$$$",2016_Furukawa,2016,-6.51,0,-5.715696,0.40509373,0,0.5700000000000001
"PEPTIDE1244{F.[Mono40].[meL].[Nle].[dP].[iBu_Gly]}$PEPTIDE1244,PEPTIDE1244,1:R1-6:R2$$$",2016_Furukawa,2016,-5.22,1,-5.8016505,0.61332035,1,0.5700000000000001
"PEPTIDE1286{[Nal].[Bn_Gly].[meL].[Nle].[dP].[Mono34]}$PEPTIDE1286,PEPTIDE1286,1:R1-6:R2$$$",2016_Furukawa,2016,-6.55,0,-8.540266,0.025489464,0,0.5700000000000001
"PEPTIDE1754{[dF].[pentyl_Gly].[Me_dL].[Nle].P.[Et_Gly]}$PEPTIDE1754,PEPTIDE1754,1:R1-6:R2$$$",2016_Furukawa,2016,-4.96,1,-5.2462344,0.90465766,1,0.5700000000000001
"PEPTIDE1293{[Nal].[Mono41].[meL].[Nle].[dP].[Mono34]}$PEPTIDE1293,PEPTIDE1293,1:R1-6:R2$$$",2016_Furukawa,2016,-5.82,1,-6.1670065,0.6588061,1,0.5700000000000001
"PEPTIDE2596{[bHph].[dL].L.P.[dL].F}$PEPTIDE2596,PEPTIDE2596,1:R1-6:R2$$$",2020_Townsend,2020,-5.92,1,-5.439327,0.88303304,1,0.5700000000000001
"PEPTIDE24{[dL].L.L.L.[dP].Y}$PEPTIDE24,PEPTIDE24,1:R1-6:R2$$$",2011_White,2011,-6.3,0,-6.478142,0.039147906,0,0.5700000000000001
"PEPTIDE2544{[bHph].[Me_dL].L.[dP].[Me_dL].F}$PEPTIDE2544,PEPTIDE2544,1:R1-6:R2$$$",2020_Townsend,2020,-5.32,1,-5.3276954,0.95109475,1,0.5700000000000001
"PEPTIDE3001{[dA].[Me_dL].[Bn_Gly].P.[Me_dL].F}$PEPTIDE3001,PEPTIDE3001,1:R1-6:R2$$$",2020_Townsend,2020,-5.89,1,-5.274148,0.95191085,1,0.5700000000000001
"PEPTIDE7393{[dP].[dL].[dL].[dL].L.[Pye]}$PEPTIDE7393,PEPTIDE7393,1:R1-6:R2$$$",2022_Taechalertpaisarn,2022,-6.2,0,-6.2899933,0.6631268,1,0.5700000000000001
"PEPTIDE2312{L.[Me_dL].[meA].L.[dP].[meF]}$PEPTIDE2312,PEPTIDE2312,1:R1-6:R2$$$",2018_Naylor,2018,-4.64,1,-4.514814,0.99541605,1,0.5700000000000001
"PEPTIDE3571{[Me_dA].[Me_dL].[Bn_Gly].[dP].[Bn_Gly].F}$PEPTIDE3571,PEPTIDE3571,1:R1-6:R2$$$",2020_Townsend,2020,-5.31,1,-5.7071843,0.9572434,1,0.5700000000000001
"PEPTIDE1331{[Nal].[Mono39].[meL].[Nle].[dP].[Mono42]}$PEPTIDE1331,PEPTIDE1331,1:R1-6:R2$$$",2016_Furukawa,2016,-6.5,0,-7.2479315,0.16806398,0,0.5700000000000001
"PEPTIDE2303{L.[Me_dA].[meA].L.[dP].[meA]}$PEPTIDE2303,PEPTIDE2303,1:R1-6:R2$$$",2018_Naylor,2018,-5.31,1,-5.5193534,0.36248177,0,0.5700000000000001
"PEPTIDE2933{[dA].[dL].L.P.L.F}$PEPTIDE2933,PEPTIDE2933,1:R1-6:R2$$$",2020_Townsend,2020,-7.26,0,-5.994671,0.5561755,0,0.5700000000000001
"PEPTIDE2568{[bHph].[meL].[dL].[dP].[Bn_Gly].F}$PEPTIDE2568,PEPTIDE2568,1:R1-6:R2$$$",2020_Townsend,2020,-6.19,0,-5.805059,0.81627685,1,0.5700000000000001
"PEPTIDE1208{[Nal].[Mono38].[meL].[Nle].[dP].[Pr_Gly]}$PEPTIDE1208,PEPTIDE1208,1:R1-6:R2$$$",2016_Furukawa,2016,-5.37,1,-6.15868,0.42819732,0,0.5700000000000001
"PEPTIDE3227{[meA].[Me_dL].[dL].P.L.F}$PEPTIDE3227,PEPTIDE3227,1:R1-6:R2$$$",2020_Townsend,2020,-6.01,0,-5.690529,0.797694,1,0.5700000000000001
"PEPTIDE3136{[dA].[meL].[dL].[dP].L.F}$PEPTIDE3136,PEPTIDE3136,1:R1-6:R2$$$",2020_Townsend,2020,-6.61,0,-6.418115,0.30933186,0,0.5700000000000001
"PEPTIDE2766{[Pr_Gly].[meL].[bHph].[dP].[meL].F}$PEPTIDE2766,PEPTIDE2766,1:R1-6:R2$$$",2020_Townsend,2020,-5.28,1,-5.5969787,0.8587818,1,0.5700000000000001
"PEPTIDE3500{[Me_dA].[Me_dL].[dL].[dP].[dL].F}$PEPTIDE3500,PEPTIDE3500,1:R1-6:R2$$$",2020_Townsend,2020,-5.86,1,-5.7128835,0.7459677,1,0.5700000000000001
"PEPTIDE2877{A.[Me_dL].L.P.[meL].F}$PEPTIDE2877,PEPTIDE2877,1:R1-6:R2$$$",2020_Townsend,2020,-5.0,1,-5.741373,0.6591971,1,0.5700000000000001
"PEPTIDE2643{[bHph].L.L.P.[Bn_Gly].F}$PEPTIDE2643,PEPTIDE2643,1:R1-6:R2$$$",2020_Townsend,2020,-5.91,1,-5.87562,0.784473,1,0.5700000000000001
"PEPTIDE1449{[Nal].[3-pyridylethyl_Gly].[meL].[Nle].[dP].[Mono1]}$PEPTIDE1449,PEPTIDE1449,1:R1-6:R2$$$",2016_Furukawa,2016,-7.42,0,-8.027814,0.059193224,0,0.5700000000000001
"PEPTIDE1264{A.[Mono40].[meL].[Nle].[dP].[Mono34]}$PEPTIDE1264,PEPTIDE1264,1:R1-6:R2$$$",2016_Furukawa,2016,-6.67,0,-6.3283644,0.22409368,0,0.5700000000000001
"PEPTIDE997{[Mono14].I.[meF].P.I.P}$PEPTIDE997,PEPTIDE997,1:R1-6:R2$$$",2015_Bockus_2,2015,-5.82,1,-5.523518,0.9661664,1,0.5700000000000001
"PEPTIDE1185{A.[Mono41].[meL].[Nle].[dP].[Pr_Gly]}$PEPTIDE1185,PEPTIDE1185,1:R1-6:R2$$$",2016_Furukawa,2016,-7.96,0,-6.9647603,0.02563996,0,0.5700000000000001
"PEPTIDE3547{[Me_dA].[dL].[bHph].[dP].L.F}$PEPTIDE3547,PEPTIDE3547,1:R1-6:R2$$$",2020_Townsend,2020,-10.0,0,-5.8191543,0.88736403,1,0.5700000000000001
"PEPTIDE1524{F.[Mono40].[meL].[Nle].[dP].[Mono45]}$PEPTIDE1524,PEPTIDE1524,1:R1-6:R2$$$",2016_Furukawa,2016,-5.68,1,-6.264582,0.32065243,0,0.5700000000000001
"PEPTIDE2327{L.[Me_dAbu].[meL].L.[dP].[meY]}$PEPTIDE2327,PEPTIDE2327,1:R1-6:R2$$$",2018_Naylor,2018,-4.79,1,-5.4173346,0.9783936,1,0.5700000000000001
"PEPTIDE3030{A.L.L.[dP].[dL].F}$PEPTIDE3030,PEPTIDE3030,1:R1-6:R2$$$",2020_Townsend,2020,-5.14,1,-6.256497,0.28765693,0,0.5700000000000001
"PEPTIDE3278{[meA].[Me_dL].[meL].P.[meL].F}$PEPTIDE3278,PEPTIDE3278,1:R1-6:R2$$$",2020_Townsend,2020,-4.0,1,-4.705351,0.9963392,1,0.5700000000000001
"PEPTIDE3292{[meA].[Me_dL].[bHph].P.[dL].F}$PEPTIDE3292,PEPTIDE3292,1:R1-6:R2$$$",2020_Townsend,2020,-5.93,1,-5.8401036,0.74009556,1,0.5700000000000001
"PEPTIDE1140{A.[3-pyridylethyl_Gly].[meL].[Nle].[dP].[Et_Gly]}$PEPTIDE1140,PEPTIDE1140,1:R1-6:R2$$$",2016_Furukawa,2016,-7.4,0,-6.3245244,0.3926622,0,0.5700000000000001
"PEPTIDE3242{[meA].L.L.P.[meL].F}$PEPTIDE3242,PEPTIDE3242,1:R1-6:R2$$$",2020_Townsend,2020,-5.86,1,-5.315228,0.8813922,1,0.5700000000000001
"PEPTIDE3508{[Me_dA].L.[meL].[dP].[dL].F}$PEPTIDE3508,PEPTIDE3508,1:R1-6:R2$$$",2020_Townsend,2020,-5.72,1,-5.6034064,0.81794083,1,0.5700000000000001
"PEPTIDE3226{[meA].[dL].[dL].P.[meL].F}$PEPTIDE3226,PEPTIDE3226,1:R1-6:R2$$$",2020_Townsend,2020,-5.73,1,-5.5809755,0.8589487,1,0.5700000000000001
