route,HELM,predicted_permeability,predicted_positive_prob,nearest_train_token_jaccard,nearest_train_permeability,nearest_train_helm,nearest_descriptor_distance,nearest_descriptor_permeability,nearest_descriptor_helm
optimized_shortlist,"PEPTIDE3382{[Me_dA].[Me_dL].L.P.[Me_dL].F}$PEPTIDE3382,PEPTIDE3382,1:R1-6:R2$$$",-4.388084134976139,0.9986960606147802,1.0,-5.37,"PEPTIDE3338{[Me_dA].L.L.P.[Me_dL].F}$PEPTIDE3338,PEPTIDE3338,1:R1-6:R2$$$",2.423651445728339e-16,-4.86,"PEPTIDE3349{[Me_dA].L.[Me_dL].P.[Me_dL].F}$PEPTIDE3349,PEPTIDE3349,1:R1-6:R2$$$"
optimized_shortlist,"PEPTIDE3382{[Me_dL].[Me_dL].L.P.[meA].F}$PEPTIDE3382,PEPTIDE3382,1:R1-6:R2$$$",-4.388084134976139,0.9986960606147802,1.0,-5.76,"PEPTIDE3237{[meA].[Me_dL].L.P.L.F}$PEPTIDE3237,PEPTIDE3237,1:R1-6:R2$$$",2.603703785810335e-16,-4.81,"PEPTIDE3358{[Me_dA].[meL].[Me_dL].P.L.F}$PEPTIDE3358,PEPTIDE3358,1:R1-6:R2$$$"
optimized_shortlist,"PEPTIDE2798{[meL].[meL].[meA].P.L.F}$PEPTIDE2798,PEPTIDE2798,1:R1-6:R2$$$",-4.388084134976139,0.9986960606147802,1.0,-5.97,"PEPTIDE3243{[meA].[meL].L.P.L.F}$PEPTIDE3243,PEPTIDE3243,1:R1-6:R2$$$",2.603703785810335e-16,-4.81,"PEPTIDE3358{[Me_dA].[meL].[Me_dL].P.L.F}$PEPTIDE3358,PEPTIDE3358,1:R1-6:R2$$$"
optimized_shortlist,"PEPTIDE2798{[meL].[meL].[Me_dA].P.L.F}$PEPTIDE2798,PEPTIDE2798,1:R1-6:R2$$$",-4.388084134976139,0.9986960606147802,1.0,-5.79,"PEPTIDE3344{[Me_dA].[meL].L.P.L.F}$PEPTIDE3344,PEPTIDE3344,1:R1-6:R2$$$",2.603703785810335e-16,-4.81,"PEPTIDE3358{[Me_dA].[meL].[Me_dL].P.L.F}$PEPTIDE3358,PEPTIDE3358,1:R1-6:R2$$$"
optimized_shortlist,"PEPTIDE7226{[Me_dV].[meL].[meL].[meA].F.P}$PEPTIDE7226,PEPTIDE7226,1:R1-6:R2$$$",-4.469302504205621,0.9960240171376892,0.6666666666666666,-5.97,"PEPTIDE3243{[meA].[meL].L.P.L.F}$PEPTIDE3243,PEPTIDE3243,1:R1-6:R2$$$",1.7298882154513222,-6.07,"PEPTIDE3247{[meA].[Me_dL].[meL].P.[dL].F}$PEPTIDE3247,PEPTIDE3247,1:R1-6:R2$$$"
optimized_shortlist,"PEPTIDE7226{[Me_dV].[meL].[meL].[Me_dA].F.P}$PEPTIDE7226,PEPTIDE7226,1:R1-6:R2$$$",-4.469302504205621,0.9960240171376892,0.8,-4.77,"PEPTIDE3383{[Me_dA].[meL].[meL].P.[meL].F}$PEPTIDE3383,PEPTIDE3383,1:R1-6:R2$$$",1.7298882154513222,-6.07,"PEPTIDE3247{[meA].[Me_dL].[meL].P.[dL].F}$PEPTIDE3247,PEPTIDE3247,1:R1-6:R2$$$"
optimized_shortlist,"PEPTIDE1845{P.[dF].L.F.[dL].L}$PEPTIDE1845,PEPTIDE1845,1:R1-6:R2$$$",-4.605972821789327,0.9714929109524504,1.0,-4.41,"PEPTIDE1841{L.[dF].P.F.[dL].L}$PEPTIDE1841,PEPTIDE1841,1:R1-6:R2$$$",7.94833865488506e-15,-4.41,"PEPTIDE1841{L.[dF].P.F.[dL].L}$PEPTIDE1841,PEPTIDE1841,1:R1-6:R2$$$"
optimized_shortlist,"PEPTIDE1845{L.P.[dF].F.[dL].L}$PEPTIDE1845,PEPTIDE1845,1:R1-6:R2$$$",-4.605972821789327,0.9714929109524504,1.0,-4.41,"PEPTIDE1841{L.[dF].P.F.[dL].L}$PEPTIDE1841,PEPTIDE1841,1:R1-6:R2$$$",7.114488221047545e-15,-4.41,"PEPTIDE1841{L.[dF].P.F.[dL].L}$PEPTIDE1841,PEPTIDE1841,1:R1-6:R2$$$"
optimized_shortlist,"PEPTIDE1133{P.[dL].L.L.F.[dF]}$PEPTIDE1133,PEPTIDE1133,1:R1-6:R2$$$",-4.605972821789327,0.9714929109524504,1.0,-4.41,"PEPTIDE1841{L.[dF].P.F.[dL].L}$PEPTIDE1841,PEPTIDE1841,1:R1-6:R2$$$",7.110155616384488e-15,-4.41,"PEPTIDE1841{L.[dF].P.F.[dL].L}$PEPTIDE1841,PEPTIDE1841,1:R1-6:R2$$$"
optimized_shortlist,"PEPTIDE1133{P.[dF].L.L.F.[dL]}$PEPTIDE1133,PEPTIDE1133,1:R1-6:R2$$$",-4.605972821789327,0.9714929109524504,1.0,-4.41,"PEPTIDE1841{L.[dF].P.F.[dL].L}$PEPTIDE1841,PEPTIDE1841,1:R1-6:R2$$$",7.94833865488506e-15,-4.41,"PEPTIDE1841{L.[dF].P.F.[dL].L}$PEPTIDE1841,PEPTIDE1841,1:R1-6:R2$$$"
optimized_shortlist,"PEPTIDE1846{[dF].F.[dP].L.L.I}$PEPTIDE1846,PEPTIDE1846,1:R1-6:R2$$$",-4.605972821789327,0.9714929109524504,0.8333333333333334,-4.74,"PEPTIDE1847{L.[dF].[dP].F.[dL].I}$PEPTIDE1847,PEPTIDE1847,1:R1-6:R2$$$",3.570800918115668e-15,-4.41,"PEPTIDE1841{L.[dF].P.F.[dL].L}$PEPTIDE1841,PEPTIDE1841,1:R1-6:R2$$$"
optimized_shortlist,"PEPTIDE1846{L.F.[dP].[dF].L.I}$PEPTIDE1846,PEPTIDE1846,1:R1-6:R2$$$",-4.605972821789327,0.9714929109524504,0.8333333333333334,-4.74,"PEPTIDE1847{L.[dF].[dP].F.[dL].I}$PEPTIDE1847,PEPTIDE1847,1:R1-6:R2$$$",2.592584715281538e-16,-4.41,"PEPTIDE1841{L.[dF].P.F.[dL].L}$PEPTIDE1841,PEPTIDE1841,1:R1-6:R2$$$"
de_novo_shortlist,"PEPTIDE1{[Me_dA].[Nle].[meL].P.[meL].F}$PEPTIDE1,PEPTIDE1,1:R1-6:R2$$$",-4.478954500185559,0.9961555543566324,0.8,-4.77,"PEPTIDE3383{[Me_dA].[meL].[meL].P.[meL].F}$PEPTIDE3383,PEPTIDE3383,1:R1-6:R2$$$",0.16853272028167912,-5.25,"PEPTIDE3518{[Me_dA].L.[Me_dL].[dP].[Me_dL].F}$PEPTIDE3518,PEPTIDE3518,1:R1-6:R2$$$"
de_novo_shortlist,"PEPTIDE2{[Me_dA].[Me_dL].[Me_dL].P.[iBu_Gly].F}$PEPTIDE2,PEPTIDE2,1:R1-6:R2$$$",-4.483769009640153,0.9960240171376892,0.6666666666666666,-5.8,"PEPTIDE3327{[Me_dA].[dL].[dL].P.[Me_dL].F}$PEPTIDE3327,PEPTIDE3327,1:R1-6:R2$$$",1.7218409452226113,-6.07,"PEPTIDE3247{[meA].[Me_dL].[meL].P.[dL].F}$PEPTIDE3247,PEPTIDE3247,1:R1-6:R2$$$"
de_novo_shortlist,"PEPTIDE3{[meA].[meL].[meL].P.[meL].F}$PEPTIDE3,PEPTIDE3,1:R1-6:R2$$$",-4.469216187150636,1.0,0.8,-5.97,"PEPTIDE3243{[meA].[meL].L.P.L.F}$PEPTIDE3243,PEPTIDE3243,1:R1-6:R2$$$",3.553608033021181e-15,-4.85,"PEPTIDE3377{[Me_dA].[meL].[Me_dL].P.[meL].F}$PEPTIDE3377,PEPTIDE3377,1:R1-6:R2$$$"
de_novo_shortlist,"PEPTIDE4{P.[Me_dL].[Me_dL].[Nle].[meA].F}$PEPTIDE4,PEPTIDE4,1:R1-6:R2$$$",-4.478954500185559,0.9961555543566324,0.8,-4.0,"PEPTIDE3270{[meA].[Me_dL].[Me_dL].P.[Me_dL].F}$PEPTIDE3270,PEPTIDE3270,1:R1-6:R2$$$",0.16853272028167915,-5.25,"PEPTIDE3518{[Me_dA].L.[Me_dL].[dP].[Me_dL].F}$PEPTIDE3518,PEPTIDE3518,1:R1-6:R2$$$"
de_novo_shortlist,"PEPTIDE5{[Pr_Gly].[meL].[meL].P.[dL].F}$PEPTIDE5,PEPTIDE5,1:R1-6:R2$$$",-4.874278064685316,0.9997436978480456,1.0,-4.76,"PEPTIDE2797{[Pr_Gly].[dL].[meL].P.[meL].F}$PEPTIDE2797,PEPTIDE2797,1:R1-6:R2$$$",2.387624894196368e-16,-5.37,"PEPTIDE2790{[Pr_Gly].[Me_dL].[meL].P.[dL].F}$PEPTIDE2790,PEPTIDE2790,1:R1-6:R2$$$"
de_novo_shortlist,"PEPTIDE6{[meL].[Et_Gly].[meL].P.[meL].F}$PEPTIDE6,PEPTIDE6,1:R1-6:R2$$$",-4.597323869807157,0.998940014114326,0.6666666666666666,-5.47,"PEPTIDE1542{F.[Mono38].[meL].[Nle].P.[Et_Gly]}$PEPTIDE1542,PEPTIDE1542,1:R1-6:R2$$$",0.16668568469934655,-4.85,"PEPTIDE3377{[Me_dA].[meL].[Me_dL].P.[meL].F}$PEPTIDE3377,PEPTIDE3377,1:R1-6:R2$$$"
de_novo_shortlist,"PEPTIDE7{[Pr_Gly].[Me_dL].[Me_dL].L.[dP].F}$PEPTIDE7,PEPTIDE7,1:R1-6:R2$$$",-4.874278064685316,0.9997436978480456,1.0,-5.15,"PEPTIDE2709{[Pr_Gly].L.L.[dP].[Me_dL].F}$PEPTIDE2709,PEPTIDE2709,1:R1-6:R2$$$",2.633125101432526e-16,-5.37,"PEPTIDE2790{[Pr_Gly].[Me_dL].[meL].P.[dL].F}$PEPTIDE2790,PEPTIDE2790,1:R1-6:R2$$$"
de_novo_shortlist,"PEPTIDE8{F.[Me_dL].P.[Me_dL].[Me_dL].[Et_Gly]}$PEPTIDE8,PEPTIDE8,1:R1-6:R2$$$",-4.597323869807157,0.998940014114326,0.6666666666666666,-5.46,"PEPTIDE1686{F.[Mono38].[Me_dL].[Nle].P.[Et_Gly]}$PEPTIDE1686,PEPTIDE1686,1:R1-6:R2$$$",0.16668568469934655,-4.85,"PEPTIDE3377{[Me_dA].[meL].[Me_dL].P.[meL].F}$PEPTIDE3377,PEPTIDE3377,1:R1-6:R2$$$"
de_novo_shortlist,"PEPTIDE9{[Pr_Gly].L.[meL].[meA].[meL].F}$PEPTIDE9,PEPTIDE9,1:R1-6:R2$$$",-4.652246819912953,0.9841376734846886,0.6666666666666666,-5.97,"PEPTIDE3243{[meA].[meL].L.P.L.F}$PEPTIDE3243,PEPTIDE3243,1:R1-6:R2$$$",0.5207589880014265,-6.07,"PEPTIDE3247{[meA].[Me_dL].[meL].P.[dL].F}$PEPTIDE3247,PEPTIDE3247,1:R1-6:R2$$$"
de_novo_shortlist,"PEPTIDE10{[Pr_Gly].[dF].[meL].P.L.[meL]}$PEPTIDE10,PEPTIDE10,1:R1-6:R2$$$",-4.8803281527084055,0.9929560168086938,0.6666666666666666,-5.4,"PEPTIDE2786{[Pr_Gly].[meL].L.P.L.F}$PEPTIDE2786,PEPTIDE2786,1:R1-6:R2$$$",0.16666666666666666,-5.37,"PEPTIDE2790{[Pr_Gly].[Me_dL].[meL].P.[dL].F}$PEPTIDE2790,PEPTIDE2790,1:R1-6:R2$$$"
de_novo_shortlist,"PEPTIDE11{[Me_dA].[pentyl_Gly].[Me_dL].P.[meL].F}$PEPTIDE11,PEPTIDE11,1:R1-6:R2$$$",-4.698896805009804,0.9911856217737944,0.8333333333333334,-4.85,"PEPTIDE3377{[Me_dA].[meL].[Me_dL].P.[meL].F}$PEPTIDE3377,PEPTIDE3377,1:R1-6:R2$$$",0.17192491158120285,-4.85,"PEPTIDE3377{[Me_dA].[meL].[Me_dL].P.[meL].F}$PEPTIDE3377,PEPTIDE3377,1:R1-6:R2$$$"
de_novo_shortlist,"PEPTIDE12{[meA].[meL].[meL].P.[dL].L}$PEPTIDE12,PEPTIDE12,1:R1-6:R2$$$",-4.787444842097171,0.9831516996149972,0.8333333333333334,-6.0,"PEPTIDE3234{[meA].L.[meL].P.[dL].F}$PEPTIDE3234,PEPTIDE3234,1:R1-6:R2$$$",1.42142479475914e-14,-4.6,"PEPTIDE2309{L.[Me_dL].[meL].L.[dP].[meA]}$PEPTIDE2309,PEPTIDE2309,1:R1-6:R2$$$"
de_novo_shortlist,"PEPTIDE13{[Me_dA].[Me_dL].[dL].P.[Me_dL].L}$PEPTIDE13,PEPTIDE13,1:R1-6:R2$$$",-4.787444842097171,0.9831516996149972,0.8333333333333334,-5.19,"PEPTIDE3331{[Me_dA].L.[dL].P.[Me_dL].F}$PEPTIDE3331,PEPTIDE3331,1:R1-6:R2$$$",1.432825516068314e-14,-4.6,"PEPTIDE2309{L.[Me_dL].[meL].L.[dP].[meA]}$PEPTIDE2309,PEPTIDE2309,1:R1-6:R2$$$"
de_novo_shortlist,"PEPTIDE14{[meA].[Me_dL].L.[dP].[Me_dL].L}$PEPTIDE14,PEPTIDE14,1:R1-6:R2$$$",-4.783348214096418,0.9840995318649604,1.0,-4.75,"PEPTIDE2306{L.[Me_dL].[meA].L.[dP].[meA]}$PEPTIDE2306,PEPTIDE2306,1:R1-6:R2$$$",1.432825516068314e-14,-4.6,"PEPTIDE2309{L.[Me_dL].[meL].L.[dP].[meA]}$PEPTIDE2309,PEPTIDE2309,1:R1-6:R2$$$"
de_novo_shortlist,"PEPTIDE15{[Me_dA].[Me_dL].L.[dP].[meL].L}$PEPTIDE15,PEPTIDE15,1:R1-6:R2$$$",-4.787444842097171,0.9831516996149972,0.8333333333333334,-5.55,"PEPTIDE3526{[Me_dA].[Me_dL].[meL].[dP].L.F}$PEPTIDE3526,PEPTIDE3526,1:R1-6:R2$$$",1.432825516068314e-14,-4.6,"PEPTIDE2309{L.[Me_dL].[meL].L.[dP].[meA]}$PEPTIDE2309,PEPTIDE2309,1:R1-6:R2$$$"
de_novo_shortlist,"PEPTIDE16{[Me_dA].[Bn_Gly].[meL].P.[meL].L}$PEPTIDE16,PEPTIDE16,1:R1-6:R2$$$",-4.673244185901196,0.9916727263760442,0.8333333333333334,-5.07,"PEPTIDE3386{[Me_dA].L.[Bn_Gly].P.[meL].F}$PEPTIDE3386,PEPTIDE3386,1:R1-6:R2$$$",1.7312082071031625,-6.07,"PEPTIDE3247{[meA].[Me_dL].[meL].P.[dL].F}$PEPTIDE3247,PEPTIDE3247,1:R1-6:R2$$$"
de_novo_shortlist,"PEPTIDE17{[meA].L.L.[dP].[meL].[meL]}$PEPTIDE17,PEPTIDE17,1:R1-6:R2$$$",-4.783348214096418,0.9840995318649604,0.8,-5.43,"PEPTIDE3434{[meA].L.L.[dP].[meL].F}$PEPTIDE3434,PEPTIDE3434,1:R1-6:R2$$$",2.847864353501731e-14,-4.6,"PEPTIDE2309{L.[Me_dL].[meL].L.[dP].[meA]}$PEPTIDE2309,PEPTIDE2309,1:R1-6:R2$$$"
de_novo_shortlist,"PEPTIDE18{[Pr_Gly].L.[Me_dL].P.[meL].F}$PEPTIDE18,PEPTIDE18,1:R1-6:R2$$$",-4.774080071182081,0.9996108490566038,1.0,-4.8,"PEPTIDE2800{[Pr_Gly].[meL].L.P.[Me_dL].F}$PEPTIDE2800,PEPTIDE2800,1:R1-6:R2$$$",2.3221980631040627e-16,-4.82,"PEPTIDE2805{[Pr_Gly].[meL].L.P.[meL].F}$PEPTIDE2805,PEPTIDE2805,1:R1-6:R2$$$"
de_novo_shortlist,"PEPTIDE19{L.[Bn_Gly].[Me_dL].P.[Me_dL].[meA]}$PEPTIDE19,PEPTIDE19,1:R1-6:R2$$$",-4.673244185901196,0.9916727263760442,0.8333333333333334,-10.0,"PEPTIDE3282{[meA].[Me_dL].[Bn_Gly].P.L.F}$PEPTIDE3282,PEPTIDE3282,1:R1-6:R2$$$",1.7312082071031625,-6.07,"PEPTIDE3247{[meA].[Me_dL].[meL].P.[dL].F}$PEPTIDE3247,PEPTIDE3247,1:R1-6:R2$$$"
de_novo_shortlist,"PEPTIDE20{[Nle].[Me_dL].[Me_dL].P.[dL].P}$PEPTIDE20,PEPTIDE20,1:R1-6:R2$$$",-4.91639746307811,0.975837533307504,0.5,-6.77,"PEPTIDE2936{[dA].[dL].[dL].P.[Me_dL].F}$PEPTIDE2936,PEPTIDE2936,1:R1-6:R2$$$",0.6117225307902626,-5.23,"PEPTIDE1181{L.[pentyl_Gly].[meL].[Nle].[dP].[Pr_Gly]}$PEPTIDE1181,PEPTIDE1181,1:R1-6:R2$$$"
de_novo_shortlist,"PEPTIDE21{[Pr_Gly].[meL].[meL].P.[Bn_Gly].P}$PEPTIDE21,PEPTIDE21,1:R1-6:R2$$$",-4.78763765789582,0.9541793553119892,0.8,-5.58,"PEPTIDE2838{[Pr_Gly].[meL].[Bn_Gly].P.[Bn_Gly].F}$PEPTIDE2838,PEPTIDE2838,1:R1-6:R2$$$",4.814802024274353,-4.85,"PEPTIDE3377{[Me_dA].[meL].[Me_dL].P.[meL].F}$PEPTIDE3377,PEPTIDE3377,1:R1-6:R2$$$"
de_novo_shortlist,"PEPTIDE22{[Nle].[meL].[meL].P.[dP].L}$PEPTIDE22,PEPTIDE22,1:R1-6:R2$$$",-4.931747682572459,0.9735726561683112,0.5714285714285714,-10.0,"PEPTIDE1392{L.[PhPr_Gly].[meL].[Nle].[dP].[Mono43]}$PEPTIDE1392,PEPTIDE1392,1:R1-6:R2$$$",0.6117225307902626,-5.23,"PEPTIDE1181{L.[pentyl_Gly].[meL].[Nle].[dP].[Pr_Gly]}$PEPTIDE1181,PEPTIDE1181,1:R1-6:R2$$$"
de_novo_shortlist,"PEPTIDE23{P.[Nle].[dL].P.[meL].[meL]}$PEPTIDE23,PEPTIDE23,1:R1-6:R2$$$",-4.91639746307811,0.975837533307504,0.5,-6.79,"PEPTIDE2939{[dA].[dL].[dL].P.[meL].F}$PEPTIDE2939,PEPTIDE2939,1:R1-6:R2$$$",0.611722530790247,-5.23,"PEPTIDE1181{L.[pentyl_Gly].[meL].[Nle].[dP].[Pr_Gly]}$PEPTIDE1181,PEPTIDE1181,1:R1-6:R2$$$"
de_novo_shortlist,"PEPTIDE24{L.[Me_dL].[meL].P.[meL].[Et_Gly]}$PEPTIDE24,PEPTIDE24,1:R1-6:R2$$$",-4.708207352766512,0.9538850967880946,0.6666666666666666,-5.64,"PEPTIDE1065{[Me_dL].[meL].L.[meL].P.Y}$PEPTIDE1065,PEPTIDE1065,1:R1-6:R2$$$",3.169142554931836,-4.6,"PEPTIDE2309{L.[Me_dL].[meL].L.[dP].[meA]}$PEPTIDE2309,PEPTIDE2309,1:R1-6:R2$$$"
