HELM,parent_helm,parent_permeability,predicted_permeability,predicted_positive_prob,improvement,mutation_sites,mutation_count,from_monomer,to_monomer,natural_ratio_calc,n_methyl_ratio,d_ratio
"PEPTIDE3382{[Me_dA].[Me_dL].[meL].P.[Me_dL].F}$PEPTIDE3382,PEPTIDE3382,1:R1-6:R2$$$","PEPTIDE3382{[Me_dA].[Me_dL].L.P.[Bn_Gly].F}$PEPTIDE3382,PEPTIDE3382,1:R1-6:R2$$$",-4.73,-4.511311171520846,1.0,0.2186888284791548,"[2, 4]",2,L|Bn_Gly,meL|Me_dL,0.3333333333333333,0.6666666666666666,0.0
"PEPTIDE2798{[meL].[meL].[Me_dL].P.[meA].F}$PEPTIDE2798,PEPTIDE2798,1:R1-6:R2$$$","PEPTIDE2798{[Pr_Gly].[meL].[Me_dL].P.L.F}$PEPTIDE2798,PEPTIDE2798,1:R1-6:R2$$$",-4.71,-4.511311171520846,1.0,0.1986888284791543,"[0, 4]",2,Pr_Gly|L,meL|meA,0.3333333333333333,0.6666666666666666,0.0
"PEPTIDE2798{[Me_dL].[meL].[Me_dL].P.[Me_dA].F}$PEPTIDE2798,PEPTIDE2798,1:R1-6:R2$$$","PEPTIDE2798{[Pr_Gly].[meL].[Me_dL].P.L.F}$PEPTIDE2798,PEPTIDE2798,1:R1-6:R2$$$",-4.71,-4.511311171520846,1.0,0.1986888284791543,"[0, 4]",2,Pr_Gly|L,Me_dL|Me_dA,0.3333333333333333,0.6666666666666666,0.0
"PEPTIDE7226{[Me_dV].[meL].[meL].[Pr_Gly].F.P}$PEPTIDE7226,PEPTIDE7226,1:R1-6:R2$$$","PEPTIDE7226{[Me_dV].[dF].[meL].[dP].F.P}$PEPTIDE7226,PEPTIDE7226,1:R1-6:R2$$$",-4.94,-4.679095954633924,1.0,0.2609040453660762,"[1, 3]",2,dF|dP,meL|Pr_Gly,0.3333333333333333,0.5,0.0
"PEPTIDE7226{[Me_dV].[Pr_Gly].[meL].[meL].F.P}$PEPTIDE7226,PEPTIDE7226,1:R1-6:R2$$$","PEPTIDE7226{[Me_dV].[dF].[meL].[dP].F.P}$PEPTIDE7226,PEPTIDE7226,1:R1-6:R2$$$",-4.94,-4.679095954633924,1.0,0.2609040453660762,"[1, 3]",2,dF|dP,Pr_Gly|meL,0.3333333333333333,0.5,0.0
"PEPTIDE979{P.[Pr_Gly].[Me_dL].[Me_dL].F.[Me_dL]}$PEPTIDE979,PEPTIDE979,1:R1-6:R2$$$","PEPTIDE979{P.[Mono29].[Me_dL].[Me_dL].[Sta].[Me_dL]}$PEPTIDE979,PEPTIDE979,1:R1-6:R2$$$",-5.0,-4.7841046923821775,0.999163749294184,0.2158953076178225,"[1, 4]",2,Mono29|Sta,Pr_Gly|F,0.3333333333333333,0.5,0.0
"PEPTIDE977{P.[Pr_Gly].[meL].[meL].F.[meL]}$PEPTIDE977,PEPTIDE977,1:R1-6:R2$$$","PEPTIDE977{P.[Mono29].[meL].[meL].[Sta(3R,4R)].[meL]}$PEPTIDE977,PEPTIDE977,1:R1-6:R2$$$",-4.96,-4.7841046923821775,0.999163749294184,0.1758953076178224,"[1, 4]",2,"Mono29|Sta(3R,4R)",Pr_Gly|F,0.3333333333333333,0.5,0.0
"PEPTIDE3382{[Me_dL].[Me_dL].L.P.[meA].F}$PEPTIDE3382,PEPTIDE3382,1:R1-6:R2$$$","PEPTIDE3382{[Me_dA].[Me_dL].L.P.[Bn_Gly].F}$PEPTIDE3382,PEPTIDE3382,1:R1-6:R2$$$",-4.73,-4.388084134976139,0.9986960606147802,0.3419158650238616,"[0, 4]",2,Me_dA|Bn_Gly,Me_dL|meA,0.5,0.5,0.0
"PEPTIDE7218{[dI].[meL].[meA].[dI].P.[Me_dF]}$PEPTIDE7218,PEPTIDE7218,1:R1-6:R2$$$","PEPTIDE7218{[dI].P.[Me_dF].[dI].P.[Me_dF]}$PEPTIDE7218,PEPTIDE7218,1:R1-6:R2$$$",-4.92,-4.747011759147283,0.9899282968234682,0.1729882408527165,"[1, 2]",2,P|Me_dF,meL|meA,0.16666666666666666,0.5,0.3333333333333333
"PEPTIDE7218{[dI].[meL].[Me_dF].[dI].P.[meA]}$PEPTIDE7218,PEPTIDE7218,1:R1-6:R2$$$","PEPTIDE7218{[dI].P.[Me_dF].[dI].P.[Me_dF]}$PEPTIDE7218,PEPTIDE7218,1:R1-6:R2$$$",-4.92,-4.747011759147283,0.9899282968234682,0.1729882408527165,"[1, 5]",2,P|Me_dF,meL|meA,0.16666666666666666,0.5,0.3333333333333333
"PEPTIDE7417{[dP].L.L.[dL].F.L}$PEPTIDE7417,PEPTIDE7417,1:R1-6:R2$$$","PEPTIDE7417{[dP].[dPye].L.[dL].[Nal].L}$PEPTIDE7417,PEPTIDE7417,1:R1-6:R2$$$",-5.09,-4.807722420634922,0.9776587258167296,0.2822775793650782,"[1, 4]",2,dPye|Nal,L|F,0.6666666666666666,0.0,0.3333333333333333
"PEPTIDE7453{F.L.L.[dP].[dL].L}$PEPTIDE7453,PEPTIDE7453,1:R1-6:R2$$$","PEPTIDE7453{[dLeu(O->S)].L.L.[dP].Y.L}$PEPTIDE7453,PEPTIDE7453,1:R1-6:R2$$$",-4.97,-4.807722420634922,0.9776587258167296,0.1622775793650781,"[0, 4]",2,dLeu(O->S)|Y,F|dL,0.6666666666666666,0.0,0.3333333333333333
"PEPTIDE7453{[dL].L.L.[dP].F.L}$PEPTIDE7453,PEPTIDE7453,1:R1-6:R2$$$","PEPTIDE7453{[dLeu(O->S)].L.L.[dP].Y.L}$PEPTIDE7453,PEPTIDE7453,1:R1-6:R2$$$",-4.97,-4.807722420634922,0.9776587258167296,0.1622775793650781,"[0, 4]",2,dLeu(O->S)|Y,dL|F,0.6666666666666666,0.0,0.3333333333333333
"PEPTIDE1845{L.L.[dP].F.[dL].L}$PEPTIDE1845,PEPTIDE1845,1:R1-6:R2$$$","PEPTIDE1845{L.[dF].[dP].F.[dL].L}$PEPTIDE1845,PEPTIDE1845,1:R1-6:R2$$$",-4.96,-4.807722420634922,0.9776587258167296,0.1522775793650783,[1],1,dF,L,0.6666666666666666,0.0,0.3333333333333333
"PEPTIDE1845{L.[dP].L.F.[dL].L}$PEPTIDE1845,PEPTIDE1845,1:R1-6:R2$$$","PEPTIDE1845{L.[dF].[dP].F.[dL].L}$PEPTIDE1845,PEPTIDE1845,1:R1-6:R2$$$",-4.96,-4.807722420634922,0.9776587258167296,0.1522775793650783,"[1, 2]",2,dF|dP,dP|L,0.6666666666666666,0.0,0.3333333333333333
"PEPTIDE7417{[dP].F.L.[dL].[Nle].L}$PEPTIDE7417,PEPTIDE7417,1:R1-6:R2$$$","PEPTIDE7417{[dP].[dPye].L.[dL].[Nal].L}$PEPTIDE7417,PEPTIDE7417,1:R1-6:R2$$$",-5.09,-4.911241893217887,0.9722267296067192,0.1787581067821131,"[1, 4]",2,dPye|Nal,F|Nle,0.5,0.0,0.3333333333333333
"PEPTIDE1133{P.[dL].L.L.F.[dF]}$PEPTIDE1133,PEPTIDE1133,1:R1-6:R2$$$","PEPTIDE1133{P.F.L.L.F.A}$PEPTIDE1133,PEPTIDE1133,1:R1-6:R2$$$",-4.94,-4.605972821789326,0.9714929109524506,0.3340271782106745,"[1, 5]",2,F|A,dL|dF,0.6666666666666666,0.0,0.3333333333333333
"PEPTIDE1133{P.[dF].L.L.F.[dL]}$PEPTIDE1133,PEPTIDE1133,1:R1-6:R2$$$","PEPTIDE1133{P.F.L.L.F.A}$PEPTIDE1133,PEPTIDE1133,1:R1-6:R2$$$",-4.94,-4.605972821789326,0.9714929109524506,0.3340271782106745,"[1, 5]",2,F|A,dF|dL,0.6666666666666666,0.0,0.3333333333333333
"PEPTIDE1846{[dF].F.[dP].L.L.I}$PEPTIDE1846,PEPTIDE1846,1:R1-6:R2$$$","PEPTIDE1846{L.F.[dP].L.L.I}$PEPTIDE1846,PEPTIDE1846,1:R1-6:R2$$$",-4.82,-4.605972821789326,0.9714929109524506,0.2140271782106744,[0],1,L,dF,0.6666666666666666,0.0,0.3333333333333333
"PEPTIDE1846{L.F.[dP].[dF].L.I}$PEPTIDE1846,PEPTIDE1846,1:R1-6:R2$$$","PEPTIDE1846{L.F.[dP].L.L.I}$PEPTIDE1846,PEPTIDE1846,1:R1-6:R2$$$",-4.82,-4.605972821789326,0.9714929109524506,0.2140271782106744,[3],1,L,dF,0.6666666666666666,0.0,0.3333333333333333
"PEPTIDE979{P.[Pr_Gly].[Me_dL].[Me_dL].L.[Me_dL]}$PEPTIDE979,PEPTIDE979,1:R1-6:R2$$$","PEPTIDE979{P.[Mono29].[Me_dL].[Me_dL].[Sta].[Me_dL]}$PEPTIDE979,PEPTIDE979,1:R1-6:R2$$$",-5.0,-4.751759026390275,0.9575185342247312,0.2482409736097253,"[1, 4]",2,Mono29|Sta,Pr_Gly|L,0.3333333333333333,0.5,0.0
"PEPTIDE977{P.[Pr_Gly].[meL].[meL].L.[meL]}$PEPTIDE977,PEPTIDE977,1:R1-6:R2$$$","PEPTIDE977{P.[Mono29].[meL].[meL].[Sta(3R,4R)].[meL]}$PEPTIDE977,PEPTIDE977,1:R1-6:R2$$$",-4.96,-4.751759026390275,0.9575185342247312,0.2082409736097252,"[1, 4]",2,"Mono29|Sta(3R,4R)",Pr_Gly|L,0.3333333333333333,0.5,0.0
"PEPTIDE992{[meL].A.[meF].[Me_dL].V.P}$PEPTIDE992,PEPTIDE992,1:R1-6:R2$$$","PEPTIDE992{[Mono14].A.[meF].P.V.P}$PEPTIDE992,PEPTIDE992,1:R1-6:R2$$$",-5.04,-4.848491797096361,0.9405190139227896,0.1915082029036394,"[0, 3]",2,Mono14|P,meL|Me_dL,0.5,0.5,0.0
"PEPTIDE992{[meL].A.[meF].P.V.[Me_dL]}$PEPTIDE992,PEPTIDE992,1:R1-6:R2$$$","PEPTIDE992{[Mono14].A.[meF].P.V.P}$PEPTIDE992,PEPTIDE992,1:R1-6:R2$$$",-5.04,-4.848491797096361,0.9405190139227896,0.1915082029036394,"[0, 5]",2,Mono14|P,meL|Me_dL,0.5,0.5,0.0
"PEPTIDE967{P.L.[meL].[meL].[dA].[meL]}$PEPTIDE967,PEPTIDE967,1:R1-6:R2$$$","PEPTIDE967{P.[Sta].[meL].[meL].[Sta].[meL]}$PEPTIDE967,PEPTIDE967,1:R1-6:R2$$$",-5.1,-4.878555097907226,0.9392281579080868,0.2214449020927738,"[1, 4]",2,Sta|Sta,L|dA,0.3333333333333333,0.5,0.16666666666666666
"PEPTIDE967{P.[dL].[meL].[meL].A.[meL]}$PEPTIDE967,PEPTIDE967,1:R1-6:R2$$$","PEPTIDE967{P.[Sta].[meL].[meL].[Sta].[meL]}$PEPTIDE967,PEPTIDE967,1:R1-6:R2$$$",-5.1,-4.878555097907226,0.9392281579080868,0.2214449020927738,"[1, 4]",2,Sta|Sta,dL|A,0.3333333333333333,0.5,0.16666666666666666
