route,candidate_helm,neighbor_helm,neighbor_distance,neighbor_permeability,neighbor_CHCl3_3DPSA,neighbor_H2O_3DPSA,neighbor_EPSA,neighbor_solvent_3DPSA_gap
optimized,"PEPTIDE3382{[Me_dA].[Me_dL].L.P.[Me_dL].F}$PEPTIDE3382,PEPTIDE3382,1:R1-6:R2$$$","PEPTIDE2306{L.[Me_dL].[meA].L.[dP].[meA]}$PEPTIDE2306,PEPTIDE2306,1:R1-6:R2$$$|PEPTIDE2307{L.[Me_dA].[meA].L.[dP].[meF]}$PEPTIDE2307,PEPTIDE2307,1:R1-6:R2$$$|PEPTIDE2364{A.[Me_dL].[meL].A.[dP].[meF]}$PEPTIDE2364,PEPTIDE2364,1:R1-6:R2$$$|PEPTIDE2308{L.[Me_dA].[Me_Abu].L.[dP].[meF]}$PEPTIDE2308,PEPTIDE2308,1:R1-6:R2$$$|PEPTIDE2310{L.[Me_dAbu].[Me_Abu].L.[dP].[meF]}$PEPTIDE2310,PEPTIDE2310,1:R1-6:R2$$$",8.865177906595777,-4.635115893429969,92.87221519190791,96.68440043215766,,3.812185240249754
optimized,"PEPTIDE3382{[Me_dL].[Me_dL].L.P.[meA].F}$PEPTIDE3382,PEPTIDE3382,1:R1-6:R2$$$","PEPTIDE2306{L.[Me_dL].[meA].L.[dP].[meA]}$PEPTIDE2306,PEPTIDE2306,1:R1-6:R2$$$|PEPTIDE2307{L.[Me_dA].[meA].L.[dP].[meF]}$PEPTIDE2307,PEPTIDE2307,1:R1-6:R2$$$|PEPTIDE2364{A.[Me_dL].[meL].A.[dP].[meF]}$PEPTIDE2364,PEPTIDE2364,1:R1-6:R2$$$|PEPTIDE2308{L.[Me_dA].[Me_Abu].L.[dP].[meF]}$PEPTIDE2308,PEPTIDE2308,1:R1-6:R2$$$|PEPTIDE2310{L.[Me_dAbu].[Me_Abu].L.[dP].[meF]}$PEPTIDE2310,PEPTIDE2310,1:R1-6:R2$$$",8.865177906595775,-4.635115893429968,92.8722151919079,96.68440043215763,,3.812185240249753
optimized,"PEPTIDE2798{[meL].[meL].[meA].P.L.F}$PEPTIDE2798,PEPTIDE2798,1:R1-6:R2$$$","PEPTIDE2306{L.[Me_dL].[meA].L.[dP].[meA]}$PEPTIDE2306,PEPTIDE2306,1:R1-6:R2$$$|PEPTIDE2307{L.[Me_dA].[meA].L.[dP].[meF]}$PEPTIDE2307,PEPTIDE2307,1:R1-6:R2$$$|PEPTIDE2364{A.[Me_dL].[meL].A.[dP].[meF]}$PEPTIDE2364,PEPTIDE2364,1:R1-6:R2$$$|PEPTIDE2308{L.[Me_dA].[Me_Abu].L.[dP].[meF]}$PEPTIDE2308,PEPTIDE2308,1:R1-6:R2$$$|PEPTIDE2310{L.[Me_dAbu].[Me_Abu].L.[dP].[meF]}$PEPTIDE2310,PEPTIDE2310,1:R1-6:R2$$$",8.865177906595775,-4.635115893429968,92.8722151919079,96.68440043215763,,3.812185240249753
optimized,"PEPTIDE2798{[meL].[meL].[Me_dA].P.L.F}$PEPTIDE2798,PEPTIDE2798,1:R1-6:R2$$$","PEPTIDE2306{L.[Me_dL].[meA].L.[dP].[meA]}$PEPTIDE2306,PEPTIDE2306,1:R1-6:R2$$$|PEPTIDE2307{L.[Me_dA].[meA].L.[dP].[meF]}$PEPTIDE2307,PEPTIDE2307,1:R1-6:R2$$$|PEPTIDE2364{A.[Me_dL].[meL].A.[dP].[meF]}$PEPTIDE2364,PEPTIDE2364,1:R1-6:R2$$$|PEPTIDE2308{L.[Me_dA].[Me_Abu].L.[dP].[meF]}$PEPTIDE2308,PEPTIDE2308,1:R1-6:R2$$$|PEPTIDE2310{L.[Me_dAbu].[Me_Abu].L.[dP].[meF]}$PEPTIDE2310,PEPTIDE2310,1:R1-6:R2$$$",8.865177906595775,-4.635115893429968,92.8722151919079,96.68440043215763,,3.812185240249753
optimized,"PEPTIDE7226{[Me_dV].[meL].[meL].[meA].F.P}$PEPTIDE7226,PEPTIDE7226,1:R1-6:R2$$$","PEPTIDE2306{L.[Me_dL].[meA].L.[dP].[meA]}$PEPTIDE2306,PEPTIDE2306,1:R1-6:R2$$$|PEPTIDE2307{L.[Me_dA].[meA].L.[dP].[meF]}$PEPTIDE2307,PEPTIDE2307,1:R1-6:R2$$$|PEPTIDE2364{A.[Me_dL].[meL].A.[dP].[meF]}$PEPTIDE2364,PEPTIDE2364,1:R1-6:R2$$$|PEPTIDE2308{L.[Me_dA].[Me_Abu].L.[dP].[meF]}$PEPTIDE2308,PEPTIDE2308,1:R1-6:R2$$$|PEPTIDE2310{L.[Me_dAbu].[Me_Abu].L.[dP].[meF]}$PEPTIDE2310,PEPTIDE2310,1:R1-6:R2$$$",8.95358849356721,-4.635058230088415,92.87108947964424,96.68720762573462,,3.816118146090379
optimized,"PEPTIDE7226{[Me_dV].[meL].[meL].[Me_dA].F.P}$PEPTIDE7226,PEPTIDE7226,1:R1-6:R2$$$","PEPTIDE2306{L.[Me_dL].[meA].L.[dP].[meA]}$PEPTIDE2306,PEPTIDE2306,1:R1-6:R2$$$|PEPTIDE2307{L.[Me_dA].[meA].L.[dP].[meF]}$PEPTIDE2307,PEPTIDE2307,1:R1-6:R2$$$|PEPTIDE2364{A.[Me_dL].[meL].A.[dP].[meF]}$PEPTIDE2364,PEPTIDE2364,1:R1-6:R2$$$|PEPTIDE2308{L.[Me_dA].[Me_Abu].L.[dP].[meF]}$PEPTIDE2308,PEPTIDE2308,1:R1-6:R2$$$|PEPTIDE2310{L.[Me_dAbu].[Me_Abu].L.[dP].[meF]}$PEPTIDE2310,PEPTIDE2310,1:R1-6:R2$$$",8.95358849356721,-4.635058230088415,92.87108947964424,96.68720762573462,,3.816118146090379
optimized,"PEPTIDE1845{P.[dF].L.F.[dL].L}$PEPTIDE1845,PEPTIDE1845,1:R1-6:R2$$$","PEPTIDE2364{A.[Me_dL].[meL].A.[dP].[meF]}$PEPTIDE2364,PEPTIDE2364,1:R1-6:R2$$$|PEPTIDE2307{L.[Me_dA].[meA].L.[dP].[meF]}$PEPTIDE2307,PEPTIDE2307,1:R1-6:R2$$$|PEPTIDE2306{L.[Me_dL].[meA].L.[dP].[meA]}$PEPTIDE2306,PEPTIDE2306,1:R1-6:R2$$$|PEPTIDE2308{L.[Me_dA].[Me_Abu].L.[dP].[meF]}$PEPTIDE2308,PEPTIDE2308,1:R1-6:R2$$$|PEPTIDE2310{L.[Me_dAbu].[Me_Abu].L.[dP].[meF]}$PEPTIDE2310,PEPTIDE2310,1:R1-6:R2$$$",8.59364528869409,-4.634161780249683,92.81745542680557,96.61906203488826,,3.8016066080826847
optimized,"PEPTIDE1845{L.P.[dF].F.[dL].L}$PEPTIDE1845,PEPTIDE1845,1:R1-6:R2$$$","PEPTIDE2364{A.[Me_dL].[meL].A.[dP].[meF]}$PEPTIDE2364,PEPTIDE2364,1:R1-6:R2$$$|PEPTIDE2307{L.[Me_dA].[meA].L.[dP].[meF]}$PEPTIDE2307,PEPTIDE2307,1:R1-6:R2$$$|PEPTIDE2306{L.[Me_dL].[meA].L.[dP].[meA]}$PEPTIDE2306,PEPTIDE2306,1:R1-6:R2$$$|PEPTIDE2308{L.[Me_dA].[Me_Abu].L.[dP].[meF]}$PEPTIDE2308,PEPTIDE2308,1:R1-6:R2$$$|PEPTIDE2310{L.[Me_dAbu].[Me_Abu].L.[dP].[meF]}$PEPTIDE2310,PEPTIDE2310,1:R1-6:R2$$$",8.59364528869409,-4.634161780249683,92.81745542680557,96.61906203488826,,3.8016066080826847
optimized,"PEPTIDE1133{P.[dL].L.L.F.[dF]}$PEPTIDE1133,PEPTIDE1133,1:R1-6:R2$$$","PEPTIDE2364{A.[Me_dL].[meL].A.[dP].[meF]}$PEPTIDE2364,PEPTIDE2364,1:R1-6:R2$$$|PEPTIDE2307{L.[Me_dA].[meA].L.[dP].[meF]}$PEPTIDE2307,PEPTIDE2307,1:R1-6:R2$$$|PEPTIDE2306{L.[Me_dL].[meA].L.[dP].[meA]}$PEPTIDE2306,PEPTIDE2306,1:R1-6:R2$$$|PEPTIDE2308{L.[Me_dA].[Me_Abu].L.[dP].[meF]}$PEPTIDE2308,PEPTIDE2308,1:R1-6:R2$$$|PEPTIDE2310{L.[Me_dAbu].[Me_Abu].L.[dP].[meF]}$PEPTIDE2310,PEPTIDE2310,1:R1-6:R2$$$",8.59364528869409,-4.634161780249683,92.81745542680557,96.61906203488826,,3.8016066080826847
optimized,"PEPTIDE1133{P.[dF].L.L.F.[dL]}$PEPTIDE1133,PEPTIDE1133,1:R1-6:R2$$$","PEPTIDE2364{A.[Me_dL].[meL].A.[dP].[meF]}$PEPTIDE2364,PEPTIDE2364,1:R1-6:R2$$$|PEPTIDE2307{L.[Me_dA].[meA].L.[dP].[meF]}$PEPTIDE2307,PEPTIDE2307,1:R1-6:R2$$$|PEPTIDE2306{L.[Me_dL].[meA].L.[dP].[meA]}$PEPTIDE2306,PEPTIDE2306,1:R1-6:R2$$$|PEPTIDE2308{L.[Me_dA].[Me_Abu].L.[dP].[meF]}$PEPTIDE2308,PEPTIDE2308,1:R1-6:R2$$$|PEPTIDE2310{L.[Me_dAbu].[Me_Abu].L.[dP].[meF]}$PEPTIDE2310,PEPTIDE2310,1:R1-6:R2$$$",8.59364528869409,-4.634161780249683,92.81745542680557,96.61906203488826,,3.8016066080826847
optimized,"PEPTIDE1846{[dF].F.[dP].L.L.I}$PEPTIDE1846,PEPTIDE1846,1:R1-6:R2$$$","PEPTIDE2364{A.[Me_dL].[meL].A.[dP].[meF]}$PEPTIDE2364,PEPTIDE2364,1:R1-6:R2$$$|PEPTIDE2307{L.[Me_dA].[meA].L.[dP].[meF]}$PEPTIDE2307,PEPTIDE2307,1:R1-6:R2$$$|PEPTIDE2306{L.[Me_dL].[meA].L.[dP].[meA]}$PEPTIDE2306,PEPTIDE2306,1:R1-6:R2$$$|PEPTIDE2308{L.[Me_dA].[Me_Abu].L.[dP].[meF]}$PEPTIDE2308,PEPTIDE2308,1:R1-6:R2$$$|PEPTIDE2310{L.[Me_dAbu].[Me_Abu].L.[dP].[meF]}$PEPTIDE2310,PEPTIDE2310,1:R1-6:R2$$$",8.593645288694088,-4.634161780249683,92.81745542680558,96.61906203488827,,3.8016066080826847
optimized,"PEPTIDE1846{L.F.[dP].[dF].L.I}$PEPTIDE1846,PEPTIDE1846,1:R1-6:R2$$$","PEPTIDE2364{A.[Me_dL].[meL].A.[dP].[meF]}$PEPTIDE2364,PEPTIDE2364,1:R1-6:R2$$$|PEPTIDE2307{L.[Me_dA].[meA].L.[dP].[meF]}$PEPTIDE2307,PEPTIDE2307,1:R1-6:R2$$$|PEPTIDE2306{L.[Me_dL].[meA].L.[dP].[meA]}$PEPTIDE2306,PEPTIDE2306,1:R1-6:R2$$$|PEPTIDE2308{L.[Me_dA].[Me_Abu].L.[dP].[meF]}$PEPTIDE2308,PEPTIDE2308,1:R1-6:R2$$$|PEPTIDE2310{L.[Me_dAbu].[Me_Abu].L.[dP].[meF]}$PEPTIDE2310,PEPTIDE2310,1:R1-6:R2$$$",8.593645288694088,-4.634161780249683,92.81745542680558,96.61906203488827,,3.8016066080826847
de_novo,"PEPTIDE1{[Me_dA].[Nle].[meL].P.[meL].F}$PEPTIDE1,PEPTIDE1,1:R1-6:R2$$$","PEPTIDE2306{L.[Me_dL].[meA].L.[dP].[meA]}$PEPTIDE2306,PEPTIDE2306,1:R1-6:R2$$$|PEPTIDE2307{L.[Me_dA].[meA].L.[dP].[meF]}$PEPTIDE2307,PEPTIDE2307,1:R1-6:R2$$$|PEPTIDE2364{A.[Me_dL].[meL].A.[dP].[meF]}$PEPTIDE2364,PEPTIDE2364,1:R1-6:R2$$$|PEPTIDE2308{L.[Me_dA].[Me_Abu].L.[dP].[meF]}$PEPTIDE2308,PEPTIDE2308,1:R1-6:R2$$$|PEPTIDE2310{L.[Me_dAbu].[Me_Abu].L.[dP].[meF]}$PEPTIDE2310,PEPTIDE2310,1:R1-6:R2$$$",8.842893115843488,-4.6350800080022765,92.87138787067173,96.68578775987827,,3.814399889206552
de_novo,"PEPTIDE2{[Me_dA].[Me_dL].[Me_dL].P.[iBu_Gly].F}$PEPTIDE2,PEPTIDE2,1:R1-6:R2$$$","PEPTIDE2306{L.[Me_dL].[meA].L.[dP].[meA]}$PEPTIDE2306,PEPTIDE2306,1:R1-6:R2$$$|PEPTIDE2307{L.[Me_dA].[meA].L.[dP].[meF]}$PEPTIDE2307,PEPTIDE2307,1:R1-6:R2$$$|PEPTIDE2364{A.[Me_dL].[meL].A.[dP].[meF]}$PEPTIDE2364,PEPTIDE2364,1:R1-6:R2$$$|PEPTIDE2308{L.[Me_dA].[Me_Abu].L.[dP].[meF]}$PEPTIDE2308,PEPTIDE2308,1:R1-6:R2$$$|PEPTIDE2310{L.[Me_dAbu].[Me_Abu].L.[dP].[meF]}$PEPTIDE2310,PEPTIDE2310,1:R1-6:R2$$$",8.952881872046195,-4.635057536789717,92.87108433105493,96.68726812991788,,3.8161837988629665
de_novo,"PEPTIDE3{[meA].[meL].[meL].P.[meL].F}$PEPTIDE3,PEPTIDE3,1:R1-6:R2$$$","PEPTIDE2306{L.[Me_dL].[meA].L.[dP].[meA]}$PEPTIDE2306,PEPTIDE2306,1:R1-6:R2$$$|PEPTIDE2307{L.[Me_dA].[meA].L.[dP].[meF]}$PEPTIDE2307,PEPTIDE2307,1:R1-6:R2$$$|PEPTIDE2364{A.[Me_dL].[meL].A.[dP].[meF]}$PEPTIDE2364,PEPTIDE2364,1:R1-6:R2$$$|PEPTIDE2308{L.[Me_dA].[Me_Abu].L.[dP].[meF]}$PEPTIDE2308,PEPTIDE2308,1:R1-6:R2$$$|PEPTIDE2310{L.[Me_dAbu].[Me_Abu].L.[dP].[meF]}$PEPTIDE2310,PEPTIDE2310,1:R1-6:R2$$$",8.91354179668796,-4.635002793858189,92.87052824157054,96.69158883246752,,3.8210605908969812
de_novo,"PEPTIDE4{P.[Me_dL].[Me_dL].[Nle].[meA].F}$PEPTIDE4,PEPTIDE4,1:R1-6:R2$$$","PEPTIDE2306{L.[Me_dL].[meA].L.[dP].[meA]}$PEPTIDE2306,PEPTIDE2306,1:R1-6:R2$$$|PEPTIDE2307{L.[Me_dA].[meA].L.[dP].[meF]}$PEPTIDE2307,PEPTIDE2307,1:R1-6:R2$$$|PEPTIDE2364{A.[Me_dL].[meL].A.[dP].[meF]}$PEPTIDE2364,PEPTIDE2364,1:R1-6:R2$$$|PEPTIDE2308{L.[Me_dA].[Me_Abu].L.[dP].[meF]}$PEPTIDE2308,PEPTIDE2308,1:R1-6:R2$$$|PEPTIDE2310{L.[Me_dAbu].[Me_Abu].L.[dP].[meF]}$PEPTIDE2310,PEPTIDE2310,1:R1-6:R2$$$",8.842893115843486,-4.6350800080022765,92.87138787067171,96.68578775987827,,3.8143998892065514
de_novo,"PEPTIDE5{[Pr_Gly].[meL].[meL].P.[dL].F}$PEPTIDE5,PEPTIDE5,1:R1-6:R2$$$","PEPTIDE2306{L.[Me_dL].[meA].L.[dP].[meA]}$PEPTIDE2306,PEPTIDE2306,1:R1-6:R2$$$|PEPTIDE2307{L.[Me_dA].[meA].L.[dP].[meF]}$PEPTIDE2307,PEPTIDE2307,1:R1-6:R2$$$|PEPTIDE2364{A.[Me_dL].[meL].A.[dP].[meF]}$PEPTIDE2364,PEPTIDE2364,1:R1-6:R2$$$|PEPTIDE2308{L.[Me_dA].[Me_Abu].L.[dP].[meF]}$PEPTIDE2308,PEPTIDE2308,1:R1-6:R2$$$|PEPTIDE2310{L.[Me_dAbu].[Me_Abu].L.[dP].[meF]}$PEPTIDE2310,PEPTIDE2310,1:R1-6:R2$$$",8.83444759104995,-4.635090372719123,92.87317307494708,96.69021603368152,,3.8170429587344508
de_novo,"PEPTIDE6{[meL].[Et_Gly].[meL].P.[meL].F}$PEPTIDE6,PEPTIDE6,1:R1-6:R2$$$","PEPTIDE2306{L.[Me_dL].[meA].L.[dP].[meA]}$PEPTIDE2306,PEPTIDE2306,1:R1-6:R2$$$|PEPTIDE2307{L.[Me_dA].[meA].L.[dP].[meF]}$PEPTIDE2307,PEPTIDE2307,1:R1-6:R2$$$|PEPTIDE2364{A.[Me_dL].[meL].A.[dP].[meF]}$PEPTIDE2364,PEPTIDE2364,1:R1-6:R2$$$|PEPTIDE2308{L.[Me_dA].[Me_Abu].L.[dP].[meF]}$PEPTIDE2308,PEPTIDE2308,1:R1-6:R2$$$|PEPTIDE2310{L.[Me_dAbu].[Me_Abu].L.[dP].[meF]}$PEPTIDE2310,PEPTIDE2310,1:R1-6:R2$$$",8.91601345236687,-4.635003962964749,92.87049527796577,96.69135716998294,,3.820861892017171
de_novo,"PEPTIDE7{[Pr_Gly].[Me_dL].[Me_dL].L.[dP].F}$PEPTIDE7,PEPTIDE7,1:R1-6:R2$$$","PEPTIDE2306{L.[Me_dL].[meA].L.[dP].[meA]}$PEPTIDE2306,PEPTIDE2306,1:R1-6:R2$$$|PEPTIDE2307{L.[Me_dA].[meA].L.[dP].[meF]}$PEPTIDE2307,PEPTIDE2307,1:R1-6:R2$$$|PEPTIDE2364{A.[Me_dL].[meL].A.[dP].[meF]}$PEPTIDE2364,PEPTIDE2364,1:R1-6:R2$$$|PEPTIDE2308{L.[Me_dA].[Me_Abu].L.[dP].[meF]}$PEPTIDE2308,PEPTIDE2308,1:R1-6:R2$$$|PEPTIDE2310{L.[Me_dAbu].[Me_Abu].L.[dP].[meF]}$PEPTIDE2310,PEPTIDE2310,1:R1-6:R2$$$",8.83444759104995,-4.635090372719123,92.87317307494708,96.69021603368152,,3.8170429587344508
de_novo,"PEPTIDE8{F.[Me_dL].P.[Me_dL].[Me_dL].[Et_Gly]}$PEPTIDE8,PEPTIDE8,1:R1-6:R2$$$","PEPTIDE2306{L.[Me_dL].[meA].L.[dP].[meA]}$PEPTIDE2306,PEPTIDE2306,1:R1-6:R2$$$|PEPTIDE2307{L.[Me_dA].[meA].L.[dP].[meF]}$PEPTIDE2307,PEPTIDE2307,1:R1-6:R2$$$|PEPTIDE2364{A.[Me_dL].[meL].A.[dP].[meF]}$PEPTIDE2364,PEPTIDE2364,1:R1-6:R2$$$|PEPTIDE2308{L.[Me_dA].[Me_Abu].L.[dP].[meF]}$PEPTIDE2308,PEPTIDE2308,1:R1-6:R2$$$|PEPTIDE2310{L.[Me_dAbu].[Me_Abu].L.[dP].[meF]}$PEPTIDE2310,PEPTIDE2310,1:R1-6:R2$$$",8.916013452366872,-4.635003962964749,92.87049527796579,96.69135716998295,,3.8208618920171706
de_novo,"PEPTIDE9{[Pr_Gly].L.[meL].[meA].[meL].F}$PEPTIDE9,PEPTIDE9,1:R1-6:R2$$$","PEPTIDE2306{L.[Me_dL].[meA].L.[dP].[meA]}$PEPTIDE2306,PEPTIDE2306,1:R1-6:R2$$$|PEPTIDE2307{L.[Me_dA].[meA].L.[dP].[meF]}$PEPTIDE2307,PEPTIDE2307,1:R1-6:R2$$$|PEPTIDE2364{A.[Me_dL].[meL].A.[dP].[meF]}$PEPTIDE2364,PEPTIDE2364,1:R1-6:R2$$$|PEPTIDE2308{L.[Me_dA].[Me_Abu].L.[dP].[meF]}$PEPTIDE2308,PEPTIDE2308,1:R1-6:R2$$$|PEPTIDE2310{L.[Me_dAbu].[Me_Abu].L.[dP].[meF]}$PEPTIDE2310,PEPTIDE2310,1:R1-6:R2$$$",8.843536852619271,-4.63506203290105,92.87063069645303,96.68541451650478,,3.8147838200517485
de_novo,"PEPTIDE10{[Pr_Gly].[dF].[meL].P.L.[meL]}$PEPTIDE10,PEPTIDE10,1:R1-6:R2$$$","PEPTIDE2306{L.[Me_dL].[meA].L.[dP].[meA]}$PEPTIDE2306,PEPTIDE2306,1:R1-6:R2$$$|PEPTIDE2307{L.[Me_dA].[meA].L.[dP].[meF]}$PEPTIDE2307,PEPTIDE2307,1:R1-6:R2$$$|PEPTIDE2364{A.[Me_dL].[meL].A.[dP].[meF]}$PEPTIDE2364,PEPTIDE2364,1:R1-6:R2$$$|PEPTIDE2308{L.[Me_dA].[Me_Abu].L.[dP].[meF]}$PEPTIDE2308,PEPTIDE2308,1:R1-6:R2$$$|PEPTIDE2310{L.[Me_dAbu].[Me_Abu].L.[dP].[meF]}$PEPTIDE2310,PEPTIDE2310,1:R1-6:R2$$$",8.83444759104995,-4.635090372719123,92.87317307494708,96.69021603368152,,3.8170429587344508
de_novo,"PEPTIDE11{[Me_dA].[pentyl_Gly].[Me_dL].P.[meL].F}$PEPTIDE11,PEPTIDE11,1:R1-6:R2$$$","PEPTIDE2306{L.[Me_dL].[meA].L.[dP].[meA]}$PEPTIDE2306,PEPTIDE2306,1:R1-6:R2$$$|PEPTIDE2307{L.[Me_dA].[meA].L.[dP].[meF]}$PEPTIDE2307,PEPTIDE2307,1:R1-6:R2$$$|PEPTIDE2364{A.[Me_dL].[meL].A.[dP].[meF]}$PEPTIDE2364,PEPTIDE2364,1:R1-6:R2$$$|PEPTIDE2308{L.[Me_dA].[Me_Abu].L.[dP].[meF]}$PEPTIDE2308,PEPTIDE2308,1:R1-6:R2$$$|PEPTIDE2310{L.[Me_dAbu].[Me_Abu].L.[dP].[meF]}$PEPTIDE2310,PEPTIDE2310,1:R1-6:R2$$$",8.86402812014862,-4.634941453615713,92.86987120714213,96.69630986547145,,3.8264386583293115
de_novo,"PEPTIDE12{[meA].[meL].[meL].P.[dL].L}$PEPTIDE12,PEPTIDE12,1:R1-6:R2$$$","PEPTIDE2306{L.[Me_dL].[meA].L.[dP].[meA]}$PEPTIDE2306,PEPTIDE2306,1:R1-6:R2$$$|PEPTIDE2364{A.[Me_dL].[meL].A.[dP].[meF]}$PEPTIDE2364,PEPTIDE2364,1:R1-6:R2$$$|PEPTIDE2307{L.[Me_dA].[meA].L.[dP].[meF]}$PEPTIDE2307,PEPTIDE2307,1:R1-6:R2$$$|PEPTIDE2308{L.[Me_dA].[Me_Abu].L.[dP].[meF]}$PEPTIDE2308,PEPTIDE2308,1:R1-6:R2$$$|PEPTIDE2309{L.[Me_dL].[meL].L.[dP].[meA]}$PEPTIDE2309,PEPTIDE2309,1:R1-6:R2$$$",9.12592866275822,-4.6562294962531725,95.98849449894033,96.8079252392634,,0.8194307403230495
de_novo,"PEPTIDE13{[Me_dA].[Me_dL].[dL].P.[Me_dL].L}$PEPTIDE13,PEPTIDE13,1:R1-6:R2$$$","PEPTIDE2306{L.[Me_dL].[meA].L.[dP].[meA]}$PEPTIDE2306,PEPTIDE2306,1:R1-6:R2$$$|PEPTIDE2364{A.[Me_dL].[meL].A.[dP].[meF]}$PEPTIDE2364,PEPTIDE2364,1:R1-6:R2$$$|PEPTIDE2307{L.[Me_dA].[meA].L.[dP].[meF]}$PEPTIDE2307,PEPTIDE2307,1:R1-6:R2$$$|PEPTIDE2308{L.[Me_dA].[Me_Abu].L.[dP].[meF]}$PEPTIDE2308,PEPTIDE2308,1:R1-6:R2$$$|PEPTIDE2309{L.[Me_dL].[meL].L.[dP].[meA]}$PEPTIDE2309,PEPTIDE2309,1:R1-6:R2$$$",9.125928662758222,-4.656229496253173,95.98849449894034,96.8079252392634,,0.8194307403230494
de_novo,"PEPTIDE14{[meA].[Me_dL].L.[dP].[Me_dL].L}$PEPTIDE14,PEPTIDE14,1:R1-6:R2$$$","PEPTIDE2306{L.[Me_dL].[meA].L.[dP].[meA]}$PEPTIDE2306,PEPTIDE2306,1:R1-6:R2$$$|PEPTIDE2364{A.[Me_dL].[meL].A.[dP].[meF]}$PEPTIDE2364,PEPTIDE2364,1:R1-6:R2$$$|PEPTIDE2307{L.[Me_dA].[meA].L.[dP].[meF]}$PEPTIDE2307,PEPTIDE2307,1:R1-6:R2$$$|PEPTIDE2308{L.[Me_dA].[Me_Abu].L.[dP].[meF]}$PEPTIDE2308,PEPTIDE2308,1:R1-6:R2$$$|PEPTIDE2309{L.[Me_dL].[meL].L.[dP].[meA]}$PEPTIDE2309,PEPTIDE2309,1:R1-6:R2$$$",9.125928662758222,-4.656229496253173,95.98849449894034,96.8079252392634,,0.8194307403230494
de_novo,"PEPTIDE15{[Me_dA].[Me_dL].L.[dP].[meL].L}$PEPTIDE15,PEPTIDE15,1:R1-6:R2$$$","PEPTIDE2306{L.[Me_dL].[meA].L.[dP].[meA]}$PEPTIDE2306,PEPTIDE2306,1:R1-6:R2$$$|PEPTIDE2364{A.[Me_dL].[meL].A.[dP].[meF]}$PEPTIDE2364,PEPTIDE2364,1:R1-6:R2$$$|PEPTIDE2307{L.[Me_dA].[meA].L.[dP].[meF]}$PEPTIDE2307,PEPTIDE2307,1:R1-6:R2$$$|PEPTIDE2308{L.[Me_dA].[Me_Abu].L.[dP].[meF]}$PEPTIDE2308,PEPTIDE2308,1:R1-6:R2$$$|PEPTIDE2309{L.[Me_dL].[meL].L.[dP].[meA]}$PEPTIDE2309,PEPTIDE2309,1:R1-6:R2$$$",9.125928662758222,-4.656229496253173,95.98849449894034,96.8079252392634,,0.8194307403230494
de_novo,"PEPTIDE16{[Me_dA].[Bn_Gly].[meL].P.[meL].L}$PEPTIDE16,PEPTIDE16,1:R1-6:R2$$$","PEPTIDE2306{L.[Me_dL].[meA].L.[dP].[meA]}$PEPTIDE2306,PEPTIDE2306,1:R1-6:R2$$$|PEPTIDE2307{L.[Me_dA].[meA].L.[dP].[meF]}$PEPTIDE2307,PEPTIDE2307,1:R1-6:R2$$$|PEPTIDE2364{A.[Me_dL].[meL].A.[dP].[meF]}$PEPTIDE2364,PEPTIDE2364,1:R1-6:R2$$$|PEPTIDE2308{L.[Me_dA].[Me_Abu].L.[dP].[meF]}$PEPTIDE2308,PEPTIDE2308,1:R1-6:R2$$$|PEPTIDE2310{L.[Me_dAbu].[Me_Abu].L.[dP].[meF]}$PEPTIDE2310,PEPTIDE2310,1:R1-6:R2$$$",8.905608906366973,-4.634974125561779,92.8690443969894,96.69012639483562,,3.8210819978462216
de_novo,"PEPTIDE17{[meA].L.L.[dP].[meL].[meL]}$PEPTIDE17,PEPTIDE17,1:R1-6:R2$$$","PEPTIDE2306{L.[Me_dL].[meA].L.[dP].[meA]}$PEPTIDE2306,PEPTIDE2306,1:R1-6:R2$$$|PEPTIDE2364{A.[Me_dL].[meL].A.[dP].[meF]}$PEPTIDE2364,PEPTIDE2364,1:R1-6:R2$$$|PEPTIDE2307{L.[Me_dA].[meA].L.[dP].[meF]}$PEPTIDE2307,PEPTIDE2307,1:R1-6:R2$$$|PEPTIDE2308{L.[Me_dA].[Me_Abu].L.[dP].[meF]}$PEPTIDE2308,PEPTIDE2308,1:R1-6:R2$$$|PEPTIDE2309{L.[Me_dL].[meL].L.[dP].[meA]}$PEPTIDE2309,PEPTIDE2309,1:R1-6:R2$$$",9.12592866275822,-4.6562294962531725,95.98849449894033,96.8079252392634,,0.8194307403230495
de_novo,"PEPTIDE18{[Pr_Gly].L.[Me_dL].P.[meL].F}$PEPTIDE18,PEPTIDE18,1:R1-6:R2$$$","PEPTIDE2306{L.[Me_dL].[meA].L.[dP].[meA]}$PEPTIDE2306,PEPTIDE2306,1:R1-6:R2$$$|PEPTIDE2307{L.[Me_dA].[meA].L.[dP].[meF]}$PEPTIDE2307,PEPTIDE2307,1:R1-6:R2$$$|PEPTIDE2364{A.[Me_dL].[meL].A.[dP].[meF]}$PEPTIDE2364,PEPTIDE2364,1:R1-6:R2$$$|PEPTIDE2308{L.[Me_dA].[Me_Abu].L.[dP].[meF]}$PEPTIDE2308,PEPTIDE2308,1:R1-6:R2$$$|PEPTIDE2310{L.[Me_dAbu].[Me_Abu].L.[dP].[meF]}$PEPTIDE2310,PEPTIDE2310,1:R1-6:R2$$$",8.83444759104995,-4.635090372719123,92.87317307494708,96.69021603368152,,3.8170429587344508
de_novo,"PEPTIDE19{L.[Bn_Gly].[Me_dL].P.[Me_dL].[meA]}$PEPTIDE19,PEPTIDE19,1:R1-6:R2$$$","PEPTIDE2306{L.[Me_dL].[meA].L.[dP].[meA]}$PEPTIDE2306,PEPTIDE2306,1:R1-6:R2$$$|PEPTIDE2307{L.[Me_dA].[meA].L.[dP].[meF]}$PEPTIDE2307,PEPTIDE2307,1:R1-6:R2$$$|PEPTIDE2364{A.[Me_dL].[meL].A.[dP].[meF]}$PEPTIDE2364,PEPTIDE2364,1:R1-6:R2$$$|PEPTIDE2308{L.[Me_dA].[Me_Abu].L.[dP].[meF]}$PEPTIDE2308,PEPTIDE2308,1:R1-6:R2$$$|PEPTIDE2310{L.[Me_dAbu].[Me_Abu].L.[dP].[meF]}$PEPTIDE2310,PEPTIDE2310,1:R1-6:R2$$$",8.905608906366973,-4.634974125561779,92.8690443969894,96.69012639483562,,3.8210819978462216
de_novo,"PEPTIDE20{[Nle].[Me_dL].[Me_dL].P.[dL].P}$PEPTIDE20,PEPTIDE20,1:R1-6:R2$$$","PEPTIDE2306{L.[Me_dL].[meA].L.[dP].[meA]}$PEPTIDE2306,PEPTIDE2306,1:R1-6:R2$$$|PEPTIDE2364{A.[Me_dL].[meL].A.[dP].[meF]}$PEPTIDE2364,PEPTIDE2364,1:R1-6:R2$$$|PEPTIDE2307{L.[Me_dA].[meA].L.[dP].[meF]}$PEPTIDE2307,PEPTIDE2307,1:R1-6:R2$$$|PEPTIDE2309{L.[Me_dL].[meL].L.[dP].[meA]}$PEPTIDE2309,PEPTIDE2309,1:R1-6:R2$$$|PEPTIDE2308{L.[Me_dA].[Me_Abu].L.[dP].[meF]}$PEPTIDE2308,PEPTIDE2308,1:R1-6:R2$$$",9.10588843031218,-4.656211064280182,96.00152814236873,96.82018590189682,,0.8186577595280873
de_novo,"PEPTIDE21{[Pr_Gly].[meL].[meL].P.[Bn_Gly].P}$PEPTIDE21,PEPTIDE21,1:R1-6:R2$$$","PEPTIDE2306{L.[Me_dL].[meA].L.[dP].[meA]}$PEPTIDE2306,PEPTIDE2306,1:R1-6:R2$$$|PEPTIDE2307{L.[Me_dA].[meA].L.[dP].[meF]}$PEPTIDE2307,PEPTIDE2307,1:R1-6:R2$$$|PEPTIDE2364{A.[Me_dL].[meL].A.[dP].[meF]}$PEPTIDE2364,PEPTIDE2364,1:R1-6:R2$$$|PEPTIDE2308{L.[Me_dA].[Me_Abu].L.[dP].[meF]}$PEPTIDE2308,PEPTIDE2308,1:R1-6:R2$$$|PEPTIDE2310{L.[Me_dAbu].[Me_Abu].L.[dP].[meF]}$PEPTIDE2310,PEPTIDE2310,1:R1-6:R2$$$",9.005544696815376,-4.634953952864703,92.86951947020928,96.69377984217634,,3.824260371967056
de_novo,"PEPTIDE22{[Nle].[meL].[meL].P.[dP].L}$PEPTIDE22,PEPTIDE22,1:R1-6:R2$$$","PEPTIDE2306{L.[Me_dL].[meA].L.[dP].[meA]}$PEPTIDE2306,PEPTIDE2306,1:R1-6:R2$$$|PEPTIDE2364{A.[Me_dL].[meL].A.[dP].[meF]}$PEPTIDE2364,PEPTIDE2364,1:R1-6:R2$$$|PEPTIDE2307{L.[Me_dA].[meA].L.[dP].[meF]}$PEPTIDE2307,PEPTIDE2307,1:R1-6:R2$$$|PEPTIDE2309{L.[Me_dL].[meL].L.[dP].[meA]}$PEPTIDE2309,PEPTIDE2309,1:R1-6:R2$$$|PEPTIDE2308{L.[Me_dA].[Me_Abu].L.[dP].[meF]}$PEPTIDE2308,PEPTIDE2308,1:R1-6:R2$$$",9.10588843031218,-4.656211064280182,96.00152814236873,96.82018590189682,,0.8186577595280873
de_novo,"PEPTIDE23{P.[Nle].[dL].P.[meL].[meL]}$PEPTIDE23,PEPTIDE23,1:R1-6:R2$$$","PEPTIDE2306{L.[Me_dL].[meA].L.[dP].[meA]}$PEPTIDE2306,PEPTIDE2306,1:R1-6:R2$$$|PEPTIDE2364{A.[Me_dL].[meL].A.[dP].[meF]}$PEPTIDE2364,PEPTIDE2364,1:R1-6:R2$$$|PEPTIDE2307{L.[Me_dA].[meA].L.[dP].[meF]}$PEPTIDE2307,PEPTIDE2307,1:R1-6:R2$$$|PEPTIDE2309{L.[Me_dL].[meL].L.[dP].[meA]}$PEPTIDE2309,PEPTIDE2309,1:R1-6:R2$$$|PEPTIDE2308{L.[Me_dA].[Me_Abu].L.[dP].[meF]}$PEPTIDE2308,PEPTIDE2308,1:R1-6:R2$$$",9.10588843031218,-4.656211064280182,96.00152814236873,96.82018590189682,,0.8186577595280873
de_novo,"PEPTIDE24{L.[Me_dL].[meL].P.[meL].[Et_Gly]}$PEPTIDE24,PEPTIDE24,1:R1-6:R2$$$","PEPTIDE2306{L.[Me_dL].[meA].L.[dP].[meA]}$PEPTIDE2306,PEPTIDE2306,1:R1-6:R2$$$|PEPTIDE2364{A.[Me_dL].[meL].A.[dP].[meF]}$PEPTIDE2364,PEPTIDE2364,1:R1-6:R2$$$|PEPTIDE2307{L.[Me_dA].[meA].L.[dP].[meF]}$PEPTIDE2307,PEPTIDE2307,1:R1-6:R2$$$|PEPTIDE2308{L.[Me_dA].[Me_Abu].L.[dP].[meF]}$PEPTIDE2308,PEPTIDE2308,1:R1-6:R2$$$|PEPTIDE2309{L.[Me_dL].[meL].L.[dP].[meA]}$PEPTIDE2309,PEPTIDE2309,1:R1-6:R2$$$",9.180110846715134,-4.656149095640119,95.99815853929218,96.8164580257771,,0.8182994864849251
