HELM,Source,Year,Permeability,label,regression_pred,binary_pred,binary_prob
"PEPTIDE1391{L.[3-pyridylethyl_Gly].[meL].[Nle].[dP].[Mono43]}$PEPTIDE1391,PEPTIDE1391,1:R1-6:R2$$$",2016_Furukawa,2016,-5.68,1,-6.101089158993129,1,0.5743627086364005
"PEPTIDE3054{A.[dL].[Me_dL].[dP].[Me_dL].F}$PEPTIDE3054,PEPTIDE3054,1:R1-6:R2$$$",2020_Townsend,2020,-10.0,0,-5.6783664382637,1,0.7060417342070214
"PEPTIDE1403{[Nal].[pentyl_Gly].[meL].[Nle].[dP].[Mono43]}$PEPTIDE1403,PEPTIDE1403,1:R1-6:R2$$$",2016_Furukawa,2016,-8.11,0,-8.629575740520536,0,0.047524201812235815
"PEPTIDE1317{F.[cHexCH2_Gly].[meL].[Nle].[dP].[Mono42]}$PEPTIDE1317,PEPTIDE1317,1:R1-6:R2$$$",2016_Furukawa,2016,-5.32,1,-5.566693058892196,1,0.597453905086161
"PEPTIDE7436{[dP].[dGlu(OMe)].L.[dL].L.L}$PEPTIDE7436,PEPTIDE7436,1:R1-6:R2$$$",2022_Taechalertpaisarn,2022,-5.72,1,-6.574010203172344,0,0.11976339985629454
"PEPTIDE1086{[Me_dA].[Sar].F.[Me_dL].P.Y}$PEPTIDE1086,PEPTIDE1086,1:R1-6:R2$$$",2015_Wang,2015,-7.15,0,-7.534506403544795,0,0.03145328237012229
"PEPTIDE1784{[dF].[cHexCH2_Gly].[dL].[Nle].P.[Mono1]}$PEPTIDE1784,PEPTIDE1784,1:R1-6:R2$$$",2016_Furukawa,2016,-5.33,1,-5.057960827546977,1,0.9252318894144997
"PEPTIDE944{[Mono16].P.I.[meV].[meA].[Bal]}$PEPTIDE944,PEPTIDE944,1:R1-6:R2$$$",2015_Ahlbach,2015,-7.1,0,-7.9291993469494795,0,0.0007659151270051049
"PEPTIDE1516{L.[Mono41].[meL].[Nle].[dP].[Mono45]}$PEPTIDE1516,PEPTIDE1516,1:R1-6:R2$$$",2016_Furukawa,2016,-6.3,0,-5.538597155864314,0,0.40594320965994307
"PEPTIDE3284{[meA].L.[Me_dL].P.[Bn_Gly].F}$PEPTIDE3284,PEPTIDE3284,1:R1-6:R2$$$",2020_Townsend,2020,-4.88,1,-4.932517199624135,1,0.9111667862968589
"PEPTIDE1803{[dF].[Mono38].[Me_dL].[Nle].[dP].[Mono1]}$PEPTIDE1803,PEPTIDE1803,1:R1-6:R2$$$",2016_Furukawa,2016,-5.29,1,-6.033502862141662,0,0.49117814562050216
"PEPTIDE3245{[meA].[dL].[Me_dL].P.[Me_dL].F}$PEPTIDE3245,PEPTIDE3245,1:R1-6:R2$$$",2020_Townsend,2020,-4.86,1,-5.0608058413839165,1,0.9486931961424103
"PEPTIDE2577{[bHph].[dL].[bHph].[dP].[Me_dL].F}$PEPTIDE2577,PEPTIDE2577,1:R1-6:R2$$$",2020_Townsend,2020,-5.55,1,-6.278582783292462,1,0.5951492361528624
"PEPTIDE3402{[Me_dA].[dL].[bHph].P.[Bn_Gly].F}$PEPTIDE3402,PEPTIDE3402,1:R1-6:R2$$$",2020_Townsend,2020,-5.9,1,-5.891779165087975,0,0.4499043627698242
"PEPTIDE3264{[meA].L.[dL].P.[Bn_Gly].F}$PEPTIDE3264,PEPTIDE3264,1:R1-6:R2$$$",2020_Townsend,2020,-5.73,1,-5.677849877286195,1,0.6903359289971038
"PEPTIDE1727{F.[cHexCH2_Gly].[Me_dL].[Nle].[dP].[Mono34]}$PEPTIDE1727,PEPTIDE1727,1:R1-6:R2$$$",2016_Furukawa,2016,-5.77,1,-5.335232781134384,1,0.8110053691228631
"PEPTIDE1212{[Nal].[Mono40].[meL].[Nle].[dP].[Pr_Gly]}$PEPTIDE1212,PEPTIDE1212,1:R1-6:R2$$$",2016_Furukawa,2016,-5.53,1,-6.251791502496399,0,0.25017300552910304
"PEPTIDE1757{[dF].[cHexCH2_Gly].[Me_dL].[Nle].P.[Et_Gly]}$PEPTIDE1757,PEPTIDE1757,1:R1-6:R2$$$",2016_Furukawa,2016,-4.9,1,-5.411623034740244,1,0.8003048257867676
"PEPTIDE3047{A.[meL].L.[dP].[dL].F}$PEPTIDE3047,PEPTIDE3047,1:R1-6:R2$$$",2020_Townsend,2020,-5.53,1,-5.958692344295193,1,0.5686389715053503
"PEPTIDE1382{A.[PhPr_Gly].[meL].[Nle].[dP].[Mono43]}$PEPTIDE1382,PEPTIDE1382,1:R1-6:R2$$$",2016_Furukawa,2016,-6.12,0,-7.153428454031978,0,0.19116598862054018
"PEPTIDE1680{A.[Mono38].[Me_dL].[Nle].P.[Et_Gly]}$PEPTIDE1680,PEPTIDE1680,1:R1-6:R2$$$",2016_Furukawa,2016,-6.93,0,-6.255616137424058,0,0.19485501786911213
"PEPTIDE1097{P.G.L.V.I.Y}$PEPTIDE1097,PEPTIDE1097,1:R1-6:R2$$$",2015_Wang,2015,-10.0,0,-6.716845935196836,0,0.03075210837634053
"PEPTIDE3279{[meA].[meL].[Me_dL].P.[meL].F}$PEPTIDE3279,PEPTIDE3279,1:R1-6:R2$$$",2020_Townsend,2020,-4.72,1,-4.835973034325879,1,0.9762811551747079
"PEPTIDE2589{[bHph].[Me_dL].[Bn_Gly].[dP].[Bn_Gly].F}$PEPTIDE2589,PEPTIDE2589,1:R1-6:R2$$$",2020_Townsend,2020,-5.46,1,-6.545822010109754,1,0.6057235960517124
"PEPTIDE1851{[Tza].[3Pal].[dP].[PhPr_Gly].[Nva(Ph)].[dF]}$PEPTIDE1851,PEPTIDE1851,1:R1-6:R2$$$",2017_Boehm,2017,-6.15,0,-5.670225196355833,1,0.6920484282819043
"PEPTIDE3483{[meA].[Bn_Gly].[bHph].[dP].[dL].F}$PEPTIDE3483,PEPTIDE3483,1:R1-6:R2$$$",2020_Townsend,2020,-5.9,1,-6.780164158841865,0,0.3658845934102294
"PEPTIDE3173{[dA].[meL].[Me_dL].[dP].[Me_dL].F}$PEPTIDE3173,PEPTIDE3173,1:R1-6:R2$$$",2020_Townsend,2020,-5.68,1,-5.355653895927612,1,0.9023284779769217
"PEPTIDE3560{[Me_dA].[meL].L.[dP].[Bn_Gly].F}$PEPTIDE3560,PEPTIDE3560,1:R1-6:R2$$$",2020_Townsend,2020,-5.22,1,-4.799773355198659,1,0.9851590833090456
"PEPTIDE7389{[dP].[dPye].[dL].[dL].L.L}$PEPTIDE7389,PEPTIDE7389,1:R1-6:R2$$$",2022_Taechalertpaisarn,2022,-5.77,1,-6.012734955772039,1,0.508796824978391
"PEPTIDE2897{A.L.[bHph].P.[dL].F}$PEPTIDE2897,PEPTIDE2897,1:R1-6:R2$$$",2020_Townsend,2020,-10.0,0,-5.822908994344305,0,0.36117659979930955
"PEPTIDE1257{A.[cHexCH2_Gly].[meL].[Nle].[dP].[Mono34]}$PEPTIDE1257,PEPTIDE1257,1:R1-6:R2$$$",2016_Furukawa,2016,-4.81,1,-5.773724581744201,0,0.452634504734555
"PEPTIDE2652{[bHph].L.[bHph].P.[dL].F}$PEPTIDE2652,PEPTIDE2652,1:R1-6:R2$$$",2020_Townsend,2020,-5.73,1,-5.542428677897222,1,0.6674264570556974
"PEPTIDE1348{L.[cHexCH2_Gly].[meL].[Nle].[dP].[Bn(4-Cl)_Gly]}$PEPTIDE1348,PEPTIDE1348,1:R1-6:R2$$$",2016_Furukawa,2016,-7.1,0,-6.742834601675325,0,0.3236640428746352
"PEPTIDE1468{L.[cHexCH2_Gly].[meL].[Nle].[dP].[Mono44]}$PEPTIDE1468,PEPTIDE1468,1:R1-6:R2$$$",2016_Furukawa,2016,-6.93,0,-6.007419172911793,1,0.560528699060658
"PEPTIDE966{[dP].[Sta].[meL].[meL].[Sta].[meL]}$PEPTIDE966,PEPTIDE966,1:R1-6:R2$$$",2015_Bockus_1,2015,-6.0,1,-5.287782224003882,1,0.862700956018624
"PEPTIDE1450{[Nal].[PhPr_Gly].[meL].[Nle].[dP].[Mono1]}$PEPTIDE1450,PEPTIDE1450,1:R1-6:R2$$$",2016_Furukawa,2016,-9.29,0,-8.187642050244397,0,0.02041312042924928
"PEPTIDE3351{[Me_dA].[dL].[meL].P.[Me_dL].F}$PEPTIDE3351,PEPTIDE3351,1:R1-6:R2$$$",2020_Townsend,2020,-5.21,1,-5.3309700365103705,1,0.9026833238407392
"PEPTIDE1261{L.[pentyl_Gly].[meL].[Nle].[dP].[Mono34]}$PEPTIDE1261,PEPTIDE1261,1:R1-6:R2$$$",2016_Furukawa,2016,-5.24,1,-5.179463220453554,1,0.9268952724344395
"PEPTIDE3183{[dA].[dL].[bHph].[dP].L.F}$PEPTIDE3183,PEPTIDE3183,1:R1-6:R2$$$",2020_Townsend,2020,-10.0,0,-6.737945420585266,0,0.14767804492518335
"PEPTIDE3537{[Me_dA].L.[meL].[dP].[meL].F}$PEPTIDE3537,PEPTIDE3537,1:R1-6:R2$$$",2020_Townsend,2020,-4.87,1,-4.678138904158477,1,0.9821456059150881
"PEPTIDE1475{F.[Bn_Gly].[meL].[Nle].[dP].[Mono44]}$PEPTIDE1475,PEPTIDE1475,1:R1-6:R2$$$",2016_Furukawa,2016,-6.97,0,-6.717290159337991,0,0.2331212458010059
"PEPTIDE1682{F.[pentyl_Gly].[Me_dL].[Nle].P.[Et_Gly]}$PEPTIDE1682,PEPTIDE1682,1:R1-6:R2$$$",2016_Furukawa,2016,-4.85,1,-5.5054281872734405,1,0.8137683267505306
"PEPTIDE1593{A.[cHexCH2_Gly].L.[Nle].[dP].[Mono34]}$PEPTIDE1593,PEPTIDE1593,1:R1-6:R2$$$",2016_Furukawa,2016,-5.49,1,-5.644172430110808,1,0.5091764089221756
"PEPTIDE1026{[meW].[Me_dK].[dT].[Me_dF].[dP].[dF]}$PEPTIDE1026,PEPTIDE1026,1:R1-6:R2$$$",2015_Marelli,2015,-10.0,0,-6.6867959133852715,0,0.07957508118331567
"PEPTIDE3456{[meA].[dL].[Bn_Gly].[dP].[Me_dL].F}$PEPTIDE3456,PEPTIDE3456,1:R1-6:R2$$$",2020_Townsend,2020,-5.35,1,-5.535117320825207,1,0.8951670789948258
"PEPTIDE1135{A.[pentyl_Gly].[meL].[Nle].[dP].[Et_Gly]}$PEPTIDE1135,PEPTIDE1135,1:R1-6:R2$$$",2016_Furukawa,2016,-5.32,1,-5.47766780651161,1,0.6183905502607548
"PEPTIDE1024{[meA].[Me_dA].[dA].[Me_dA].[Me_dA].[dA]}$PEPTIDE1024,PEPTIDE1024,1:R1-6:R2$$$",2015_Marelli,2015,-7.1,0,-7.388789785733802,0,0.008285018674505413
"PEPTIDE1152{L.[PhPr_Gly].[meL].[Nle].[dP].[Et_Gly]}$PEPTIDE1152,PEPTIDE1152,1:R1-6:R2$$$",2016_Furukawa,2016,-5.11,1,-5.957359815546646,1,0.6696914971163603
"PEPTIDE2984{[dA].[dL].[Bn_Gly].P.[Me_dL].F}$PEPTIDE2984,PEPTIDE2984,1:R1-6:R2$$$",2020_Townsend,2020,-6.34,0,-5.96712330993698,1,0.5270249799193429
"PEPTIDE2645{[bHph].[Me_dL].[meL].P.[Me_dL].F}$PEPTIDE2645,PEPTIDE2645,1:R1-6:R2$$$",2020_Townsend,2020,-5.25,1,-5.353311179358734,1,0.9454606828679596
"PEPTIDE3403{[Me_dA].[Me_dL].[Bn_Gly].P.[Bn_Gly].F}$PEPTIDE3403,PEPTIDE3403,1:R1-6:R2$$$",2020_Townsend,2020,-5.42,1,-5.496255286989511,1,0.8560685729178156
"PEPTIDE2789{[Pr_Gly].[Me_dL].[Me_dL].P.[dL].F}$PEPTIDE2789,PEPTIDE2789,1:R1-6:R2$$$",2020_Townsend,2020,-4.8,1,-4.993411282452495,1,0.9736364197263396
"PEPTIDE2813{[Pr_Gly].[Me_dL].[meL].P.[meL].F}$PEPTIDE2813,PEPTIDE2813,1:R1-6:R2$$$",2020_Townsend,2020,-4.72,1,-4.920150629530887,1,0.9897958192325723
"PEPTIDE1263{A.[Mono39].[meL].[Nle].[dP].[Mono34]}$PEPTIDE1263,PEPTIDE1263,1:R1-6:R2$$$",2016_Furukawa,2016,-5.06,1,-5.674214391692379,1,0.5519409529327507
"PEPTIDE987{[Mono31].V.F.P.V.P}$PEPTIDE987,PEPTIDE987,1:R1-6:R2$$$",2015_Bockus_2,2015,-5.33,1,-5.282190232650714,1,0.8247492807475691
"PEPTIDE2924{A.[Me_dL].[bHph].P.[Me_dL].F}$PEPTIDE2924,PEPTIDE2924,1:R1-6:R2$$$",2020_Townsend,2020,-6.28,0,-6.188481341465298,1,0.7860179955300951
"PEPTIDE3312{[meA].[meL].[bHph].P.[meL].F}$PEPTIDE3312,PEPTIDE3312,1:R1-6:R2$$$",2020_Townsend,2020,-4.54,1,-4.729877114370061,1,0.985213038737283
"PEPTIDE3389{[Me_dA].[Me_dL].[bHph].P.[dL].F}$PEPTIDE3389,PEPTIDE3389,1:R1-6:R2$$$",2020_Townsend,2020,-5.29,1,-6.040212655706641,1,0.7609952853060578
"PEPTIDE3123{[dA].L.L.[dP].[dL].F}$PEPTIDE3123,PEPTIDE3123,1:R1-6:R2$$$",2020_Townsend,2020,-6.34,0,-5.473824928543231,0,0.4901874671426976
"PEPTIDE3244{[meA].[Me_dL].[dL].P.[Me_dL].F}$PEPTIDE3244,PEPTIDE3244,1:R1-6:R2$$$",2020_Townsend,2020,-4.79,1,-4.660574539778027,1,0.963599690687422
"PEPTIDE941{[d(N->O)Leu].P.V.[meV].[meA].[Bal]}$PEPTIDE941,PEPTIDE941,1:R1-6:R2$$$",2015_Ahlbach,2015,-5.89,1,-5.296272983758444,1,0.6938061031171221
"PEPTIDE2774{[Pr_Gly].[dL].L.P.L.F}$PEPTIDE2774,PEPTIDE2774,1:R1-6:R2$$$",2020_Townsend,2020,-4.94,1,-5.761012041352261,1,0.6107904030424425
"PEPTIDE47{L.[dP].[meY].L.[Me_dL].[Mono5]}$PEPTIDE47,PEPTIDE47,1:R1-6:R2$$$",2012_Rand,2012,-6.2,0,-4.470084458245809,1,0.606079813578028
"PEPTIDE1060{[Me_dL].[Me_dL].L.[Me_dL].P.Y}$PEPTIDE1060,PEPTIDE1060,1:R1-6:R2$$$",2015_Wang,2015,-7.0,0,-5.415087295570553,1,0.8114480455229127
"PEPTIDE3322{[Me_dA].[dL].L.P.[dL].F}$PEPTIDE3322,PEPTIDE3322,1:R1-6:R2$$$",2020_Townsend,2020,-5.49,1,-6.498388404195596,0,0.3088278549005056
"PEPTIDE1419{L.[MeOEt_Gly].[meL].[Nle].[dP].[Mono1]}$PEPTIDE1419,PEPTIDE1419,1:R1-6:R2$$$",2016_Furukawa,2016,-5.04,1,-5.658859475153559,1,0.5397084652867933
"PEPTIDE2550{[bHph].[dL].[meL].[dP].[meL].F}$PEPTIDE2550,PEPTIDE2550,1:R1-6:R2$$$",2020_Townsend,2020,-5.5,1,-4.758810498419549,1,0.9802318456627956
"PEPTIDE1810{[dA].[Mono38].[dL].[Nle].[dP].[Mono34]}$PEPTIDE1810,PEPTIDE1810,1:R1-6:R2$$$",2016_Furukawa,2016,-6.6,0,-7.2395154536233575,0,0.058361297440637824
"PEPTIDE2878{A.L.[Bn_Gly].P.[dL].F}$PEPTIDE2878,PEPTIDE2878,1:R1-6:R2$$$",2020_Townsend,2020,-6.33,0,-6.325865109504727,0,0.14830918494032513
"PEPTIDE2704{[Pr_Gly].[Me_dL].L.[dP].[dL].F}$PEPTIDE2704,PEPTIDE2704,1:R1-6:R2$$$",2020_Townsend,2020,-5.3,1,-5.512860501373149,1,0.8250350559281322
"PEPTIDE3051{A.[meL].L.[dP].L.F}$PEPTIDE3051,PEPTIDE3051,1:R1-6:R2$$$",2020_Townsend,2020,-6.46,0,-6.42107305082616,1,0.6080727570630448
"PEPTIDE3356{[Me_dA].L.[meL].P.[Me_dL].F}$PEPTIDE3356,PEPTIDE3356,1:R1-6:R2$$$",2020_Townsend,2020,-4.75,1,-4.965273686567155,1,0.9442781357746671
"PEPTIDE2864{A.[Me_dL].[dL].P.[Me_dL].F}$PEPTIDE2864,PEPTIDE2864,1:R1-6:R2$$$",2020_Townsend,2020,-5.22,1,-5.279719919158708,1,0.8329346857329804
"PEPTIDE3009{[dA].[meL].[bHph].P.L.F}$PEPTIDE3009,PEPTIDE3009,1:R1-6:R2$$$",2020_Townsend,2020,-6.0,1,-5.855586304636594,1,0.539703858880091
"PEPTIDE1625{[dA].[cHexCH2_Gly].L.[Nle].P.[Et_Gly]}$PEPTIDE1625,PEPTIDE1625,1:R1-6:R2$$$",2016_Furukawa,2016,-6.48,0,-5.8414386972530945,1,0.6065261054771959
"PEPTIDE7448{P.[dCha].W.R.[Cys(EtO2H)_NH2].A}$PEPTIDE7448,PEPTIDE7448,1:R1-6:R2$$$",2022_Tamura,2022,-6.82,0,-8.146379286284477,0,0.00019318595379888543
"PEPTIDE1252{[Nal].[Mono40].[meL].[Nle].[dP].[iBu_Gly]}$PEPTIDE1252,PEPTIDE1252,1:R1-6:R2$$$",2016_Furukawa,2016,-5.65,1,-6.253296126118123,0,0.2506249660419382
"PEPTIDE1234{L.[Mono40].[meL].[Nle].[dP].[iBu_Gly]}$PEPTIDE1234,PEPTIDE1234,1:R1-6:R2$$$",2016_Furukawa,2016,-5.3,1,-5.612356005483168,1,0.659088741043084
"PEPTIDE1582{F.[pentyl_Gly].[meL].[Nle].[dP].[Mono34]}$PEPTIDE1582,PEPTIDE1582,1:R1-6:R2$$$",2016_Furukawa,2016,-5.48,1,-4.995721446386222,1,0.9224573948707115
"PEPTIDE3367{[Me_dA].L.L.P.[Bn_Gly].F}$PEPTIDE3367,PEPTIDE3367,1:R1-6:R2$$$",2020_Townsend,2020,-5.77,1,-5.620966322279404,1,0.696969482800384
"PEPTIDE1138{A.[Mono38].[meL].[Nle].[dP].[Et_Gly]}$PEPTIDE1138,PEPTIDE1138,1:R1-6:R2$$$",2016_Furukawa,2016,-7.27,0,-6.2145465699601985,0,0.2115546500309566
"PEPTIDE3332{[Me_dA].L.[Me_dL].P.[dL].F}$PEPTIDE3332,PEPTIDE3332,1:R1-6:R2$$$",2020_Townsend,2020,-5.14,1,-5.465420236275015,1,0.8345631995593445
"PEPTIDE1445{F.[Mono41].[meL].[Nle].[dP].[Mono1]}$PEPTIDE1445,PEPTIDE1445,1:R1-6:R2$$$",2016_Furukawa,2016,-5.86,1,-6.451243943103813,0,0.15191469485495823
"PEPTIDE2520{[bHph].L.L.[dP].[dL].F}$PEPTIDE2520,PEPTIDE2520,1:R1-6:R2$$$",2020_Townsend,2020,-4.85,1,-5.553390545063005,1,0.737485478233809
"PEPTIDE3225{[meA].[dL].[Me_dL].P.[dL].F}$PEPTIDE3225,PEPTIDE3225,1:R1-6:R2$$$",2020_Townsend,2020,-4.68,1,-5.561652513604719,1,0.7951089172770879
"PEPTIDE2584{[bHph].[meL].[Bn_Gly].[dP].[meL].F}$PEPTIDE2584,PEPTIDE2584,1:R1-6:R2$$$",2020_Townsend,2020,-5.37,1,-5.594115666540469,1,0.9212304069745361
"PEPTIDE3572{[Me_dA].[meL].[bHph].[dP].[meL].F}$PEPTIDE3572,PEPTIDE3572,1:R1-6:R2$$$",2020_Townsend,2020,-5.19,1,-5.216130468686789,1,0.9578850565087214
"PEPTIDE3073{A.[dL].[Bn_Gly].[dP].L.F}$PEPTIDE3073,PEPTIDE3073,1:R1-6:R2$$$",2020_Townsend,2020,-6.34,0,-6.71360284893101,0,0.20711201958332962
"PEPTIDE1405{F.[Mono41].[meL].[Nle].[dP].[Mono43]}$PEPTIDE1405,PEPTIDE1405,1:R1-6:R2$$$",2016_Furukawa,2016,-6.12,0,-6.438712314361005,0,0.3796054346410187
"PEPTIDE2599{[bHph].L.[dL].P.L.F}$PEPTIDE2599,PEPTIDE2599,1:R1-6:R2$$$",2020_Townsend,2020,-4.84,1,-5.373987373559517,1,0.7363863153306698
"PEPTIDE1200{[Nal].[MeOEt_Gly].[meL].[Nle].[dP].[Pr_Gly]}$PEPTIDE1200,PEPTIDE1200,1:R1-6:R2$$$",2016_Furukawa,2016,-5.34,1,-5.579801809963182,1,0.7314910389844844
"PEPTIDE2690{[bHph].[Bn_Gly].[bHph].P.[Bn_Gly].F}$PEPTIDE2690,PEPTIDE2690,1:R1-6:R2$$$",2020_Townsend,2020,-5.81,1,-5.45323887394857,1,0.6905478980385662
"PEPTIDE3041{A.[dL].L.[dP].[Me_dL].F}$PEPTIDE3041,PEPTIDE3041,1:R1-6:R2$$$",2020_Townsend,2020,-5.4,1,-6.465515203832959,0,0.16819788300624144
"PEPTIDE2849{A.L.[Me_dL].P.[dL].F}$PEPTIDE2849,PEPTIDE2849,1:R1-6:R2$$$",2020_Townsend,2020,-6.1,0,-6.200242021142441,0,0.2997937240316523
"PEPTIDE2301{[dP].[dL].[dL].L.[dL].Y}$PEPTIDE2301,PEPTIDE2301,1:R1-6:R2$$$",2018_Naylor,2018,-5.39,1,-6.378083426369391,0,0.12082066661905937
"PEPTIDE2663{[bHph].L.[Bn_Gly].P.[meL].F}$PEPTIDE2663,PEPTIDE2663,1:R1-6:R2$$$",2020_Townsend,2020,-5.37,1,-5.279278922146346,1,0.8116769771204008
"PEPTIDE37{L.[dP].[meY].L.[Me_dL].[meY]}$PEPTIDE37,PEPTIDE37,1:R1-6:R2$$$",2012_Rand,2012,-5.89,1,-6.846680663089171,0,0.11339448381959799
"PEPTIDE2681{[bHph].[dL].[bHph].P.[Bn_Gly].F}$PEPTIDE2681,PEPTIDE2681,1:R1-6:R2$$$",2020_Townsend,2020,-6.2,0,-5.97358199121928,0,0.46828306096780314
"PEPTIDE2389{[dP].[dL].L.[dL].[dL].Y}$PEPTIDE2389,PEPTIDE2389,1:R1-6:R2$$$",2019_Ono,2019,-5.31,1,-6.228013585953016,0,0.22025258561084762
"PEPTIDE2542{[bHph].[dL].[meL].[dP].[Me_dL].F}$PEPTIDE2542,PEPTIDE2542,1:R1-6:R2$$$",2020_Townsend,2020,-5.35,1,-5.1333184947636665,1,0.9509773878683219
"PEPTIDE1422{A.[PhPr_Gly].[meL].[Nle].[dP].[Mono1]}$PEPTIDE1422,PEPTIDE1422,1:R1-6:R2$$$",2016_Furukawa,2016,-5.27,1,-6.40171323114229,0,0.23448731031805373
"PEPTIDE1763{[dF].[cHexCH2_Gly].[Me_dL].[Nle].P.[Mono34]}$PEPTIDE1763,PEPTIDE1763,1:R1-6:R2$$$",2016_Furukawa,2016,-5.01,1,-5.4452629650193405,1,0.795836506501569
"PEPTIDE1785{[dF].[Mono38].[dL].[Nle].P.[Mono1]}$PEPTIDE1785,PEPTIDE1785,1:R1-6:R2$$$",2016_Furukawa,2016,-6.0,1,-5.997953256222656,0,0.43562347494462805
"PEPTIDE3277{[meA].[meL].[meL].P.[Me_dL].F}$PEPTIDE3277,PEPTIDE3277,1:R1-6:R2$$$",2020_Townsend,2020,-4.84,1,-4.860270138248387,1,0.9903595519087249
"PEPTIDE3530{[Me_dA].L.[Me_dL].[dP].[meL].F}$PEPTIDE3530,PEPTIDE3530,1:R1-6:R2$$$",2020_Townsend,2020,-4.82,1,-5.12057849896351,1,0.9502398428254349
"PEPTIDE5649{[dF].[Me_Nle].[Nle].[Nle].[Nle].[Mono101]}$PEPTIDE5649,PEPTIDE5649,1:R1-6:R2$$$",2021_Golosov,2021,-6.0,1,-4.823250293042433,1,0.9824136886302675
"PEPTIDE2828{[Pr_Gly].[Me_dL].[Bn_Gly].P.[meL].F}$PEPTIDE2828,PEPTIDE2828,1:R1-6:R2$$$",2020_Townsend,2020,-5.14,1,-5.085443672031369,1,0.9665706757053989
"PEPTIDE2906{A.L.[bHph].P.L.F}$PEPTIDE2906,PEPTIDE2906,1:R1-6:R2$$$",2020_Townsend,2020,-5.94,1,-5.533772002075475,0,0.44600300388326175
"PEPTIDE2887{A.[Me_dL].[meL].P.[Me_dL].F}$PEPTIDE2887,PEPTIDE2887,1:R1-6:R2$$$",2020_Townsend,2020,-4.88,1,-5.2508921568291855,1,0.8532776737123775
"PEPTIDE3532{[Me_dA].[Me_dL].L.[dP].[meL].F}$PEPTIDE3532,PEPTIDE3532,1:R1-6:R2$$$",2020_Townsend,2020,-5.04,1,-5.179353753360351,1,0.9321246403103449
"PEPTIDE3192{[dA].[meL].[Bn_Gly].[dP].L.F}$PEPTIDE3192,PEPTIDE3192,1:R1-6:R2$$$",2020_Townsend,2020,-6.49,0,-6.016810400910739,1,0.7061372998821722
"PEPTIDE3263{[meA].L.[Bn_Gly].P.[dL].F}$PEPTIDE3263,PEPTIDE3263,1:R1-6:R2$$$",2020_Townsend,2020,-5.83,1,-6.754101551360579,0,0.2629281317905888
"PEPTIDE1616{[dA].[cHexCH2_Gly].[meL].[Nle].P.[Mono1]}$PEPTIDE1616,PEPTIDE1616,1:R1-6:R2$$$",2016_Furukawa,2016,-5.09,1,-5.36820276854874,1,0.7799257839363557
"PEPTIDE1657{[dF].[pentyl_Gly].[meL].[Nle].[dP].[Mono1]}$PEPTIDE1657,PEPTIDE1657,1:R1-6:R2$$$",2016_Furukawa,2016,-5.45,1,-5.968631376731126,1,0.6580708429413835
"PEPTIDE1052{L.[dL].L.L.[dP].[meY]}$PEPTIDE1052,PEPTIDE1052,1:R1-6:R2$$$",2015_Wang,2015,-5.89,1,-5.693280012125437,0,0.4468871325848292
"PEPTIDE3357{[Me_dA].L.[Me_dL].P.[meL].F}$PEPTIDE3357,PEPTIDE3357,1:R1-6:R2$$$",2020_Townsend,2020,-4.85,1,-4.998875780237284,1,0.942501383404239
"PEPTIDE1211{[Nal].[Mono39].[meL].[Nle].[dP].[Pr_Gly]}$PEPTIDE1211,PEPTIDE1211,1:R1-6:R2$$$",2016_Furukawa,2016,-7.29,0,-7.288784592298903,0,0.10275072080328553
"PEPTIDE2833{[Pr_Gly].[meL].[meL].P.[Bn_Gly].F}$PEPTIDE2833,PEPTIDE2833,1:R1-6:R2$$$",2020_Townsend,2020,-4.88,1,-4.992954226372921,1,0.9909347197587703
"PEPTIDE2915{A.L.[bHph].P.[Me_dL].F}$PEPTIDE2915,PEPTIDE2915,1:R1-6:R2$$$",2020_Townsend,2020,-6.22,0,-5.906634544840665,1,0.5418396676664339
"PEPTIDE1795{[dA].[pentyl_Gly].[Me_dL].[Nle].[dP].[Mono1]}$PEPTIDE1795,PEPTIDE1795,1:R1-6:R2$$$",2016_Furukawa,2016,-5.1,1,-5.989076126242581,1,0.5649068609117133
"PEPTIDE1159{F.[3-pyridylethyl_Gly].[meL].[Nle].[dP].[Et_Gly]}$PEPTIDE1159,PEPTIDE1159,1:R1-6:R2$$$",2016_Furukawa,2016,-5.87,1,-5.597736364548797,1,0.5817852308524787
"PEPTIDE3019{[dA].[Bn_Gly].[bHph].P.L.F}$PEPTIDE3019,PEPTIDE3019,1:R1-6:R2$$$",2020_Townsend,2020,-6.07,0,-6.368176962570786,0,0.1179629360846715
"PEPTIDE2727{[Pr_Gly].[meL].L.[dP].[Me_dL].F}$PEPTIDE2727,PEPTIDE2727,1:R1-6:R2$$$",2020_Townsend,2020,-4.98,1,-4.976298969523009,1,0.9787960337779639
"PEPTIDE3432{[meA].[dL].L.[dP].[meL].F}$PEPTIDE3432,PEPTIDE3432,1:R1-6:R2$$$",2020_Townsend,2020,-4.89,1,-5.62008579806351,1,0.680366718220419
"PEPTIDE3467{[meA].L.[Bn_Gly].[dP].[meL].F}$PEPTIDE3467,PEPTIDE3467,1:R1-6:R2$$$",2020_Townsend,2020,-5.56,1,-5.992770053950377,1,0.8905367725157073
"PEPTIDE1462{A.[PhPr_Gly].[meL].[Nle].[dP].[Mono44]}$PEPTIDE1462,PEPTIDE1462,1:R1-6:R2$$$",2016_Furukawa,2016,-5.32,1,-6.359676070098312,0,0.3145929929845394
"PEPTIDE31{L.[Me_dL].[meL].S.[dP].[meY]}$PEPTIDE31,PEPTIDE31,1:R1-6:R2$$$",2011_White,2011,-6.12,0,-4.863431562325321,0,0.4984554089229173
"PEPTIDE2561{[bHph].[Me_dL].[meL].[dP].[Me_dL].F}$PEPTIDE2561,PEPTIDE2561,1:R1-6:R2$$$",2020_Townsend,2020,-5.38,1,-5.225942294888463,1,0.9742287907708629
"PEPTIDE2321{L.[Me_dL].[Me_Cha].[Cha].[dP].[meF]}$PEPTIDE2321,PEPTIDE2321,1:R1-6:R2$$$",2018_Naylor,2018,-6.96,0,-6.124770177762963,1,0.6058885677852877
"PEPTIDE2393{[dP].[dL].L.L.[dL].Y}$PEPTIDE2393,PEPTIDE2393,1:R1-6:R2$$$",2019_Ono,2019,-5.11,1,-6.141595632684983,0,0.1369367637579673
"PEPTIDE3428{[meA].L.[meL].[dP].[dL].F}$PEPTIDE3428,PEPTIDE3428,1:R1-6:R2$$$",2020_Townsend,2020,-6.19,0,-5.127692307715614,1,0.926894737543337
"PEPTIDE1158{F.[Mono38].[meL].[Nle].[dP].[Et_Gly]}$PEPTIDE1158,PEPTIDE1158,1:R1-6:R2$$$",2016_Furukawa,2016,-5.5,1,-5.567915742123128,1,0.6293421844871296
"PEPTIDE1274{L.[Mono40].[meL].[Nle].[dP].[Mono34]}$PEPTIDE1274,PEPTIDE1274,1:R1-6:R2$$$",2016_Furukawa,2016,-5.43,1,-5.465259411921386,1,0.8331760971733876
"PEPTIDE3544{[Me_dA].[Me_dL].[Bn_Gly].[dP].[dL].F}$PEPTIDE3544,PEPTIDE3544,1:R1-6:R2$$$",2020_Townsend,2020,-5.26,1,-5.273513066190251,1,0.8596245218065582
"PEPTIDE2943{[dA].L.[Me_dL].P.[dL].F}$PEPTIDE2943,PEPTIDE2943,1:R1-6:R2$$$",2020_Townsend,2020,-5.85,1,-6.088450744600511,0,0.45933048199796034
"PEPTIDE1428{L.[cHexCH2_Gly].[meL].[Nle].[dP].[Mono1]}$PEPTIDE1428,PEPTIDE1428,1:R1-6:R2$$$",2016_Furukawa,2016,-7.5,0,-5.800851255091769,1,0.5294645713599178
"PEPTIDE1300{A.[3-pyridylethyl_Gly].[meL].[Nle].[dP].[Mono42]}$PEPTIDE1300,PEPTIDE1300,1:R1-6:R2$$$",2016_Furukawa,2016,-7.48,0,-6.621544273363636,0,0.07093267961215473
"PEPTIDE3162{[dA].[Me_dL].L.[dP].[meL].F}$PEPTIDE3162,PEPTIDE3162,1:R1-6:R2$$$",2020_Townsend,2020,-4.91,1,-5.843763309284256,1,0.6320808514953479
"PEPTIDE1320{[Nal].[MeOEt_Gly].[meL].[Nle].[dP].[Mono42]}$PEPTIDE1320,PEPTIDE1320,1:R1-6:R2$$$",2016_Furukawa,2016,-5.73,1,-6.066851559526551,1,0.5132391954243233
"PEPTIDE1130{P.G.L.A.F.A}$PEPTIDE1130,PEPTIDE1130,1:R1-6:R2$$$",2016_Frost,2016,-8.06,0,-7.509314925069825,0,0.01565967513128297
"PEPTIDE1253{[Nal].[Mono41].[meL].[Nle].[dP].[iBu_Gly]}$PEPTIDE1253,PEPTIDE1253,1:R1-6:R2$$$",2016_Furukawa,2016,-5.69,1,-6.215208230117454,0,0.14973711489097863
"PEPTIDE2331{L.[Me_dAbu].[Me_Cha].[Cha].[dP].[meY]}$PEPTIDE2331,PEPTIDE2331,1:R1-6:R2$$$",2018_Naylor,2018,-5.9,1,-5.869413661088931,1,0.5858350888176852
"PEPTIDE2391{[dP].[dL].L.L.L.Y}$PEPTIDE2391,PEPTIDE2391,1:R1-6:R2$$$",2019_Ono,2019,-5.59,1,-5.505451295115006,0,0.2592404236707991
"PEPTIDE1690{F.[pentyl_Gly].[Me_dL].[Nle].P.[Mono34]}$PEPTIDE1690,PEPTIDE1690,1:R1-6:R2$$$",2016_Furukawa,2016,-5.08,1,-5.150107637417563,1,0.9286107154276261
"PEPTIDE1842{L.F.P.L.L.I}$PEPTIDE1842,PEPTIDE1842,1:R1-6:R2$$$",2016_Schwochert,2016,-4.4,1,-5.3763310649783405,1,0.6100236129934469
"PEPTIDE2978{[dA].L.L.P.[Bn_Gly].F}$PEPTIDE2978,PEPTIDE2978,1:R1-6:R2$$$",2020_Townsend,2020,-6.27,0,-5.868674637674312,0,0.38458756609220307
"PEPTIDE1701{A.[cHexCH2_Gly].[dL].[Nle].P.[Mono34]}$PEPTIDE1701,PEPTIDE1701,1:R1-6:R2$$$",2016_Furukawa,2016,-5.29,1,-5.480483207128069,1,0.5772018144661814
"PEPTIDE3563{[Me_dA].[Me_dL].[Bn_Gly].[dP].[meL].F}$PEPTIDE3563,PEPTIDE3563,1:R1-6:R2$$$",2020_Townsend,2020,-5.09,1,-5.193779237454015,1,0.9426605014031024
"PEPTIDE2635{[bHph].[meL].L.P.[Me_dL].F}$PEPTIDE2635,PEPTIDE2635,1:R1-6:R2$$$",2020_Townsend,2020,-5.26,1,-5.030604416823416,1,0.9461711295508709
"PEPTIDE3570{[Me_dA].[Bn_Gly].[bHph].[dP].[dL].F}$PEPTIDE3570,PEPTIDE3570,1:R1-6:R2$$$",2020_Townsend,2020,-5.99,1,-6.335608840603899,0,0.29625095102100424
"PEPTIDE1620{[dF].[Mono38].[meL].[Nle].P.[Mono34]}$PEPTIDE1620,PEPTIDE1620,1:R1-6:R2$$$",2016_Furukawa,2016,-6.27,0,-5.78786726488717,1,0.5349922723181473
"PEPTIDE1399{F.[3-pyridylethyl_Gly].[meL].[Nle].[dP].[Mono43]}$PEPTIDE1399,PEPTIDE1399,1:R1-6:R2$$$",2016_Furukawa,2016,-6.4,0,-6.614296040701927,0,0.3729197048605949
"PEPTIDE1142{A.[PhPr_Gly].[meL].[Nle].[dP].[Et_Gly]}$PEPTIDE1142,PEPTIDE1142,1:R1-6:R2$$$",2016_Furukawa,2016,-5.16,1,-5.943359282979332,1,0.5175306714746098
"PEPTIDE1347{F.[MeOEt_Gly].[meL].[Nle].[dP].[Bn(4-Cl)_Gly]}$PEPTIDE1347,PEPTIDE1347,1:R1-6:R2$$$",2016_Furukawa,2016,-5.94,1,-5.978751584958278,1,0.5976523713208646
"PEPTIDE2888{A.[Me_dL].[Me_dL].P.[meL].F}$PEPTIDE2888,PEPTIDE2888,1:R1-6:R2$$$",2020_Townsend,2020,-5.16,1,-5.0892971165669945,1,0.9305975769603482
"PEPTIDE2298{[dP].[dL].L.[dL].[dL].Y}$PEPTIDE2298,PEPTIDE2298,1:R1-6:R2$$$",2018_Naylor,2018,-5.71,1,-6.415481978640433,0,0.10297538524633922
"PEPTIDE3334{[Me_dA].[dL].[meL].P.[dL].F}$PEPTIDE3334,PEPTIDE3334,1:R1-6:R2$$$",2020_Townsend,2020,-5.05,1,-5.808442624032975,1,0.7257602285294806
"PEPTIDE1079{[dA].G.F.[dL].P.Y}$PEPTIDE1079,PEPTIDE1079,1:R1-6:R2$$$",2015_Wang,2015,-7.15,0,-8.424494379072812,0,0.0006288414716456107
"PEPTIDE2588{[bHph].[dL].[bHph].[dP].[Bn_Gly].F}$PEPTIDE2588,PEPTIDE2588,1:R1-6:R2$$$",2020_Townsend,2020,-5.76,1,-6.531799133823584,0,0.39199228271478814
"PEPTIDE3472{[meA].[Me_dL].[bHph].[dP].L.F}$PEPTIDE3472,PEPTIDE3472,1:R1-6:R2$$$",2020_Townsend,2020,-10.0,0,-6.309075502255853,1,0.6754722236409797
"PEPTIDE3038{A.[Me_dL].[dL].[dP].L.F}$PEPTIDE3038,PEPTIDE3038,1:R1-6:R2$$$",2020_Townsend,2020,-6.35,0,-6.44198141721505,0,0.34203577547192515
"PEPTIDE3251{[meA].[dL].[meL].P.[Me_dL].F}$PEPTIDE3251,PEPTIDE3251,1:R1-6:R2$$$",2020_Townsend,2020,-4.98,1,-5.16214114824221,1,0.9164952243193268
"PEPTIDE3397{[Me_dA].[meL].[meL].P.[Bn_Gly].F}$PEPTIDE3397,PEPTIDE3397,1:R1-6:R2$$$",2020_Townsend,2020,-4.85,1,-4.892139382838419,1,0.9913772015637973
"PEPTIDE7414{[dP].[dPye].L.[dL].[Phg].L}$PEPTIDE7414,PEPTIDE7414,1:R1-6:R2$$$",2022_Taechalertpaisarn,2022,-5.23,1,-5.5852712203904975,0,0.4389243636754813
"PEPTIDE3417{[meA].L.L.[dP].L.F}$PEPTIDE3417,PEPTIDE3417,1:R1-6:R2$$$",2020_Townsend,2020,-6.68,0,-6.040864909757893,1,0.5293398910303976
"PEPTIDE1266{L.[Bn_Gly].[meL].[Nle].[dP].[Mono34]}$PEPTIDE1266,PEPTIDE1266,1:R1-6:R2$$$",2016_Furukawa,2016,-5.17,1,-5.24632893497355,1,0.8792122257005045
"PEPTIDE984{[Mono14].A.F.P.L.P}$PEPTIDE984,PEPTIDE984,1:R1-6:R2$$$",2015_Bockus_2,2015,-5.28,1,-5.7813098300423444,1,0.5779475185511371
"PEPTIDE2706{[Pr_Gly].L.[meL].[dP].[dL].F}$PEPTIDE2706,PEPTIDE2706,1:R1-6:R2$$$",2020_Townsend,2020,-5.68,1,-5.079607869153877,1,0.9459543381429305
"PEPTIDE3253{[meA].[Me_dL].L.P.[Me_dL].F}$PEPTIDE3253,PEPTIDE3253,1:R1-6:R2$$$",2020_Townsend,2020,-4.0,1,-4.858086148908807,1,0.9433682303488721
"PEPTIDE1472{L.[PhPr_Gly].[meL].[Nle].[dP].[Mono44]}$PEPTIDE1472,PEPTIDE1472,1:R1-6:R2$$$",2016_Furukawa,2016,-6.97,0,-6.282387666800571,1,0.5672564794111021
"PEPTIDE2952{[dA].L.L.P.[meL].F}$PEPTIDE2952,PEPTIDE2952,1:R1-6:R2$$$",2020_Townsend,2020,-6.27,0,-5.811809665974041,1,0.5343156997094782
"PEPTIDE1271{L.[3-pyridylethyl_Gly].[meL].[Nle].[dP].[Mono34]}$PEPTIDE1271,PEPTIDE1271,1:R1-6:R2$$$",2016_Furukawa,2016,-5.48,1,-5.749986973193448,1,0.6612737872523736
"PEPTIDE1809{[dA].[cHexCH2_Gly].[dL].[Nle].[dP].[Mono34]}$PEPTIDE1809,PEPTIDE1809,1:R1-6:R2$$$",2016_Furukawa,2016,-5.44,1,-5.442423461304189,1,0.7197829781421842
"PEPTIDE1736{F.[pentyl_Gly].[dL].[Nle].[dP].[Et_Gly]}$PEPTIDE1736,PEPTIDE1736,1:R1-6:R2$$$",2016_Furukawa,2016,-4.81,1,-5.44924880624102,1,0.7258487676117542
"PEPTIDE2807{[Pr_Gly].[Me_dL].[Me_dL].P.[Me_dL].F}$PEPTIDE2807,PEPTIDE2807,1:R1-6:R2$$$",2020_Townsend,2020,-4.84,1,-4.8147397346447285,1,0.9901172991029943
"PEPTIDE3404{[Me_dA].[meL].[bHph].P.[meL].F}$PEPTIDE3404,PEPTIDE3404,1:R1-6:R2$$$",2020_Townsend,2020,-5.1,1,-4.778489928112347,1,0.9815432204103319
"PEPTIDE2856{A.L.L.P.[Me_dL].F}$PEPTIDE2856,PEPTIDE2856,1:R1-6:R2$$$",2020_Townsend,2020,-6.19,0,-5.764679462345484,0,0.3781806212943313
"PEPTIDE7427{[dP].[dA].[Pye].[dL].[Nal].L}$PEPTIDE7427,PEPTIDE7427,1:R1-6:R2$$$",2022_Taechalertpaisarn,2022,-6.29,0,-6.889888777336224,0,0.05552989145544355
"PEPTIDE2620{[bHph].[dL].[Me_dL].P.[Me_dL].F}$PEPTIDE2620,PEPTIDE2620,1:R1-6:R2$$$",2020_Townsend,2020,-5.13,1,-5.307008393301741,1,0.9010695980194167
"PEPTIDE3215{[dA].[Bn_Gly].[Bn_Gly].[dP].[Bn_Gly].F}$PEPTIDE3215,PEPTIDE3215,1:R1-6:R2$$$",2020_Townsend,2020,-6.17,0,-6.215744826080679,0,0.10856314991252683
"PEPTIDE2793{[Pr_Gly].[meL].[Me_dL].P.[dL].F}$PEPTIDE2793,PEPTIDE2793,1:R1-6:R2$$$",2020_Townsend,2020,-4.71,1,-5.046185301992225,1,0.9673318875441376
"PEPTIDE1022{[meA].[dA].[dA].[dA].[Me_dA].[dA]}$PEPTIDE1022,PEPTIDE1022,1:R1-6:R2$$$",2015_Marelli,2015,-8.3,0,-8.381610353276805,0,0.0005067006022823765
"PEPTIDE3090{A.[meL].[dL].[dP].[Bn_Gly].F}$PEPTIDE3090,PEPTIDE3090,1:R1-6:R2$$$",2020_Townsend,2020,-5.76,1,-5.874866493581855,1,0.6266318633998585
"PEPTIDE1058{[meL].[meL].[dL].[dP].P.Y}$PEPTIDE1058,PEPTIDE1058,1:R1-6:R2$$$",2015_Wang,2015,-5.95,1,-6.166565214985306,0,0.4601926519065016
"PEPTIDE967{P.[Sta].[meL].[meL].[Sta].[meL]}$PEPTIDE967,PEPTIDE967,1:R1-6:R2$$$",2015_Bockus_1,2015,-5.1,1,-5.4411520071898964,1,0.8332554267902629
"PEPTIDE2535{[bHph].L.L.[dP].[meL].F}$PEPTIDE2535,PEPTIDE2535,1:R1-6:R2$$$",2020_Townsend,2020,-5.39,1,-5.458105532576702,1,0.891104939085809
"PEPTIDE2675{[bHph].L.[bHph].P.[meL].F}$PEPTIDE2675,PEPTIDE2675,1:R1-6:R2$$$",2020_Townsend,2020,-5.61,1,-5.4322214779035445,1,0.7832166984152638
"PEPTIDE1232{L.[PhPr_Gly].[meL].[Nle].[dP].[iBu_Gly]}$PEPTIDE1232,PEPTIDE1232,1:R1-6:R2$$$",2016_Furukawa,2016,-6.02,0,-6.0878520212399,0,0.4953954975271005
"PEPTIDE3374{[Me_dA].[dL].[bHph].P.[dL].F}$PEPTIDE3374,PEPTIDE3374,1:R1-6:R2$$$",2020_Townsend,2020,-5.26,1,-6.051184546210296,0,0.47629671297097376
"PEPTIDE1205{F.[Mono41].[meL].[Nle].[dP].[Pr_Gly]}$PEPTIDE1205,PEPTIDE1205,1:R1-6:R2$$$",2016_Furukawa,2016,-6.24,0,-6.413038097072281,0,0.12264236334961903
"PEPTIDE1453{[Nal].[Mono41].[meL].[Nle].[dP].[Mono1]}$PEPTIDE1453,PEPTIDE1453,1:R1-6:R2$$$",2016_Furukawa,2016,-6.5,0,-6.604164135331342,0,0.06971062801349916
"PEPTIDE3282{[meA].[Me_dL].[Bn_Gly].P.L.F}$PEPTIDE3282,PEPTIDE3282,1:R1-6:R2$$$",2020_Townsend,2020,-10.0,0,-4.979827322193757,1,0.9007588183568876
"PEPTIDE2964{[dA].[dL].[Bn_Gly].P.[dL].F}$PEPTIDE2964,PEPTIDE2964,1:R1-6:R2$$$",2020_Townsend,2020,-6.45,0,-6.517388240446496,0,0.12413064630645398
"PEPTIDE2873{A.[dL].[dL].P.[Bn_Gly].F}$PEPTIDE2873,PEPTIDE2873,1:R1-6:R2$$$",2020_Townsend,2020,-5.9,1,-6.278940357124803,0,0.33066912647411817
"PEPTIDE1530{[Nal].[PhPr_Gly].[meL].[Nle].[dP].[Mono45]}$PEPTIDE1530,PEPTIDE1530,1:R1-6:R2$$$",2016_Furukawa,2016,-7.8,0,-8.231161107227537,0,0.009192679578731664
"PEPTIDE1166{[Nal].[Bn_Gly].[meL].[Nle].[dP].[Et_Gly]}$PEPTIDE1166,PEPTIDE1166,1:R1-6:R2$$$",2016_Furukawa,2016,-6.08,0,-7.020347348972532,0,0.20563013160839796
"PEPTIDE2820{[Pr_Gly].[dL].[meL].P.[Bn_Gly].F}$PEPTIDE2820,PEPTIDE2820,1:R1-6:R2$$$",2020_Townsend,2020,-5.08,1,-5.014738517244662,1,0.9469198825167897
"PEPTIDE1725{A.[Mono38].[Me_dL].[Nle].[dP].[Mono1]}$PEPTIDE1725,PEPTIDE1725,1:R1-6:R2$$$",2016_Furukawa,2016,-5.47,1,-5.79645146481633,0,0.31844962932509285
"PEPTIDE3022{[dA].[Me_dL].[bHph].P.[Bn_Gly].F}$PEPTIDE3022,PEPTIDE3022,1:R1-6:R2$$$",2020_Townsend,2020,-5.53,1,-6.269678893758627,0,0.38685414613329755
"PEPTIDE2947{[dA].[dL].L.P.[meL].F}$PEPTIDE2947,PEPTIDE2947,1:R1-6:R2$$$",2020_Townsend,2020,-6.31,0,-6.135411180380858,0,0.2629108069133159
"PEPTIDE2618{[bHph].L.L.P.[meL].F}$PEPTIDE2618,PEPTIDE2618,1:R1-6:R2$$$",2020_Townsend,2020,-5.67,1,-4.8327176819642075,1,0.9405622171389721
"PEPTIDE2834{[Pr_Gly].L.[Bn_Gly].P.[Bn_Gly].F}$PEPTIDE2834,PEPTIDE2834,1:R1-6:R2$$$",2020_Townsend,2020,-5.28,1,-5.465874616696054,1,0.7475259800485623
"PEPTIDE3133{[dA].[dL].L.[dP].[Me_dL].F}$PEPTIDE3133,PEPTIDE3133,1:R1-6:R2$$$",2020_Townsend,2020,-5.38,1,-6.605218010247876,0,0.14007297063412677
"PEPTIDE3512{[Me_dA].[dL].L.[dP].[meL].F}$PEPTIDE3512,PEPTIDE3512,1:R1-6:R2$$$",2020_Townsend,2020,-4.96,1,-5.72171403949277,1,0.7741729438838513
"PEPTIDE1748{F.[cHexCH2_Gly].[dL].[Nle].[dP].[Mono1]}$PEPTIDE1748,PEPTIDE1748,1:R1-6:R2$$$",2016_Furukawa,2016,-5.89,1,-5.411698973174122,1,0.7724157983855867
"PEPTIDE1789{[dA].[pentyl_Gly].[Me_dL].[Nle].[dP].[Mono34]}$PEPTIDE1789,PEPTIDE1789,1:R1-6:R2$$$",2016_Furukawa,2016,-5.38,1,-5.531207460849729,1,0.8372101926224557
"PEPTIDE2805{[Pr_Gly].[meL].L.P.[meL].F}$PEPTIDE2805,PEPTIDE2805,1:R1-6:R2$$$",2020_Townsend,2020,-4.82,1,-4.834213436345339,1,0.9893567386789903
"PEPTIDE3408{[Me_dA].[Me_dL].[bHph].P.[Bn_Gly].F}$PEPTIDE3408,PEPTIDE3408,1:R1-6:R2$$$",2020_Townsend,2020,-5.54,1,-6.049964036234822,1,0.7314371356503386
"PEPTIDE2573{[bHph].L.[bHph].[dP].L.F}$PEPTIDE2573,PEPTIDE2573,1:R1-6:R2$$$",2020_Townsend,2020,-5.26,1,-5.887340105509547,1,0.7036824077810309
"PEPTIDE1002{[dP].[dL].L.[dL].L.Y}$PEPTIDE1002,PEPTIDE1002,1:R1-6:R2$$$",2015_Hewitt,2015,-6.84,0,-6.1113814351235245,0,0.15541833134803237
"PEPTIDE2944{[dA].[Me_dL].[dL].P.L.F}$PEPTIDE2944,PEPTIDE2944,1:R1-6:R2$$$",2020_Townsend,2020,-6.06,0,-5.9680505485281055,1,0.5793094964064425
"PEPTIDE2649{[bHph].[Me_dL].[dL].P.[Bn_Gly].F}$PEPTIDE2649,PEPTIDE2649,1:R1-6:R2$$$",2020_Townsend,2020,-5.31,1,-5.846423927336197,1,0.8700948722329714
"PEPTIDE1529{[Nal].[3-pyridylethyl_Gly].[meL].[Nle].[dP].[Mono45]}$PEPTIDE1529,PEPTIDE1529,1:R1-6:R2$$$",2016_Furukawa,2016,-6.41,0,-6.9249008258075255,0,0.06512313855032716
"PEPTIDE1355{F.[Bn_Gly].[meL].[Nle].[dP].[Bn(4-Cl)_Gly]}$PEPTIDE1355,PEPTIDE1355,1:R1-6:R2$$$",2016_Furukawa,2016,-8.11,0,-7.379284818182376,0,0.09682012817004287
"PEPTIDE2323{L.[Me_dA].[Me_Abu].L.[dP].[meY]}$PEPTIDE2323,PEPTIDE2323,1:R1-6:R2$$$",2018_Naylor,2018,-5.35,1,-5.738487607480134,1,0.5762276683521196
"PEPTIDE7388{[dP].[dL].[dL].[dL].L.L}$PEPTIDE7388,PEPTIDE7388,1:R1-6:R2$$$",2022_Taechalertpaisarn,2022,-5.09,1,-6.0934053785719575,1,0.5372772252175761
"PEPTIDE2718{[Pr_Gly].[Me_dL].[dL].[dP].[meL].F}$PEPTIDE2718,PEPTIDE2718,1:R1-6:R2$$$",2020_Townsend,2020,-4.89,1,-4.8915813310717375,1,0.9764969429022995
"PEPTIDE1773{[dA].[cHexCH2_Gly].[dL].[Nle].P.[Mono34]}$PEPTIDE1773,PEPTIDE1773,1:R1-6:R2$$$",2016_Furukawa,2016,-5.81,1,-5.542447915556413,1,0.6454687053160109
"PEPTIDE1569{F.[Mono38].L.[Nle].P.[Mono1]}$PEPTIDE1569,PEPTIDE1569,1:R1-6:R2$$$",2016_Furukawa,2016,-5.34,1,-6.052913388246504,0,0.40098987842813527
"PEPTIDE2976{[dA].L.[meL].P.[meL].F}$PEPTIDE2976,PEPTIDE2976,1:R1-6:R2$$$",2020_Townsend,2020,-6.02,0,-5.4523411048182,1,0.8879736437095034
"PEPTIDE1660{[dA].[pentyl_Gly].L.[Nle].[dP].[Et_Gly]}$PEPTIDE1660,PEPTIDE1660,1:R1-6:R2$$$",2016_Furukawa,2016,-6.84,0,-5.98917834337452,0,0.48582875704330675
"PEPTIDE2851{A.L.[dL].P.[Me_dL].F}$PEPTIDE2851,PEPTIDE2851,1:R1-6:R2$$$",2020_Townsend,2020,-6.0,1,-6.055693160332729,0,0.3011874932345279
"PEPTIDE2826{[Pr_Gly].[Me_dL].[Bn_Gly].P.[Me_dL].F}$PEPTIDE2826,PEPTIDE2826,1:R1-6:R2$$$",2020_Townsend,2020,-5.02,1,-5.044505132133498,1,0.9679844094644311
"PEPTIDE1841{L.[dF].P.F.[dL].L}$PEPTIDE1841,PEPTIDE1841,1:R1-6:R2$$$",2016_Schwochert,2016,-4.41,1,-5.393474957308245,1,0.5819620608124916
"PEPTIDE1765{[dF].[pentyl_Gly].[Me_dL].[Nle].P.[Mono1]}$PEPTIDE1765,PEPTIDE1765,1:R1-6:R2$$$",2016_Furukawa,2016,-5.43,1,-5.853295400108505,1,0.7707443777874767
"PEPTIDE2764{[Pr_Gly].[Me_dL].[Bn_Gly].[dP].[Bn_Gly].F}$PEPTIDE2764,PEPTIDE2764,1:R1-6:R2$$$",2020_Townsend,2020,-5.76,1,-5.912423929127229,1,0.7935157618458943
"PEPTIDE2540{[bHph].L.[Me_dL].[dP].[Me_dL].F}$PEPTIDE2540,PEPTIDE2540,1:R1-6:R2$$$",2020_Townsend,2020,-5.29,1,-5.598654879930449,1,0.9118528211507211
"PEPTIDE2576{[bHph].[Bn_Gly].[Me_dL].[dP].[Me_dL].F}$PEPTIDE2576,PEPTIDE2576,1:R1-6:R2$$$",2020_Townsend,2020,-5.26,1,-5.576492137304959,1,0.8854796461991511
"PEPTIDE1304{A.[Mono40].[meL].[Nle].[dP].[Mono42]}$PEPTIDE1304,PEPTIDE1304,1:R1-6:R2$$$",2016_Furukawa,2016,-8.2,0,-6.950030683895989,0,0.06352207926609883
"PEPTIDE1442{F.[Mono39].[meL].[Nle].[dP].[Mono1]}$PEPTIDE1442,PEPTIDE1442,1:R1-6:R2$$$",2016_Furukawa,2016,-7.76,0,-6.7334467613321225,0,0.10999832263801683
"PEPTIDE3317{[meA].[Bn_Gly].[bHph].P.[meL].F}$PEPTIDE3317,PEPTIDE3317,1:R1-6:R2$$$",2020_Townsend,2020,-5.28,1,-6.485283521546581,1,0.663451674766751
"PEPTIDE1103{P.F.F.[Ala(indol-2-yl)].V.[meL]}$PEPTIDE1103,PEPTIDE1103,1:R1-6:R2$$$",2015_Wang,2015,-10.0,0,-7.746232631293641,0,0.00970268011346603
"PEPTIDE3302{[meA].[dL].[Bn_Gly].P.[Bn_Gly].F}$PEPTIDE3302,PEPTIDE3302,1:R1-6:R2$$$",2020_Townsend,2020,-5.48,1,-5.603003512440735,1,0.7008987770397188
"PEPTIDE3065{A.[dL].[Bn_Gly].[dP].[dL].F}$PEPTIDE3065,PEPTIDE3065,1:R1-6:R2$$$",2020_Townsend,2020,-5.62,1,-6.196137766709552,0,0.2621148082227326
"PEPTIDE1850{[Hph].[3Pal].[dP].[PhPr_Gly].[Nva(Ph)].[dF]}$PEPTIDE1850,PEPTIDE1850,1:R1-6:R2$$$",2017_Boehm,2017,-5.74,1,-5.918591675703318,1,0.6361586484024615
"PEPTIDE1100{G.T.F.L.Y.A}$PEPTIDE1100,PEPTIDE1100,1:R1-6:R2$$$",2015_Wang,2015,-7.7,0,-7.945156661996073,0,0.005132680114878826
"PEPTIDE1820{[dF].[cHexCH2_Gly].[dL].[Nle].[dP].[Mono1]}$PEPTIDE1820,PEPTIDE1820,1:R1-6:R2$$$",2016_Furukawa,2016,-8.27,0,-5.41003790175922,1,0.8130147589184732
"PEPTIDE2347{L.[dA].[Cha].[Cha].[dP].Y}$PEPTIDE2347,PEPTIDE2347,1:R1-6:R2$$$",2018_Naylor,2018,-5.85,1,-5.864833709138822,0,0.44007466719224675
"PEPTIDE977{P.[Mono29].[meL].[meL].[Sta(3R,4R)].[meL]}$PEPTIDE977,PEPTIDE977,1:R1-6:R2$$$",2015_Bockus_1,2015,-4.96,1,-4.250626969065825,1,0.9942106689847197
"PEPTIDE2829{[Pr_Gly].[Me_dL].[meL].P.[Bn_Gly].F}$PEPTIDE2829,PEPTIDE2829,1:R1-6:R2$$$",2020_Townsend,2020,-4.97,1,-5.144231811996214,1,0.9716483064650212
"PEPTIDE3548{[Me_dA].L.[bHph].[dP].[dL].F}$PEPTIDE3548,PEPTIDE3548,1:R1-6:R2$$$",2020_Townsend,2020,-6.33,0,-6.010908185797859,0,0.4169435660820466
"PEPTIDE2522{[bHph].[dL].[Me_dL].[dP].[dL].F}$PEPTIDE2522,PEPTIDE2522,1:R1-6:R2$$$",2020_Townsend,2020,-5.12,1,-5.386252872586909,1,0.8592021694052084
"PEPTIDE3134{[dA].[meL].[dL].[dP].[dL].F}$PEPTIDE3134,PEPTIDE3134,1:R1-6:R2$$$",2020_Townsend,2020,-5.49,1,-6.089902592228876,0,0.374497206566467
"PEPTIDE7390{[dP].[dL].[dPye].[dL].L.L}$PEPTIDE7390,PEPTIDE7390,1:R1-6:R2$$$",2022_Taechalertpaisarn,2022,-6.19,0,-6.05809509766079,1,0.5295842484212672
"PEPTIDE1287{[Nal].[cHexCH2_Gly].[meL].[Nle].[dP].[Mono34]}$PEPTIDE1287,PEPTIDE1287,1:R1-6:R2$$$",2016_Furukawa,2016,-6.98,0,-7.101489387852414,0,0.4134750369121211
"PEPTIDE2993{[dA].[Me_dL].L.P.[Bn_Gly].F}$PEPTIDE2993,PEPTIDE2993,1:R1-6:R2$$$",2020_Townsend,2020,-5.44,1,-5.4863007677011995,1,0.7910971791938911
"PEPTIDE1423{A.[Mono39].[meL].[Nle].[dP].[Mono1]}$PEPTIDE1423,PEPTIDE1423,1:R1-6:R2$$$",2016_Furukawa,2016,-5.56,1,-6.0815041784998325,0,0.22638661615829134
"PEPTIDE1141{L.[pentyl_Gly].[meL].[Nle].[dP].[Et_Gly]}$PEPTIDE1141,PEPTIDE1141,1:R1-6:R2$$$",2016_Furukawa,2016,-4.94,1,-5.590333810589626,1,0.708285065117148
"PEPTIDE1536{A.[Mono38].[meL].[Nle].P.[Et_Gly]}$PEPTIDE1536,PEPTIDE1536,1:R1-6:R2$$$",2016_Furukawa,2016,-7.17,0,-6.3211117578318525,0,0.15185529926936595
"PEPTIDE1358{F.[Mono38].[meL].[Nle].[dP].[Bn(4-Cl)_Gly]}$PEPTIDE1358,PEPTIDE1358,1:R1-6:R2$$$",2016_Furukawa,2016,-6.0,1,-6.221763007182318,1,0.5275195689128837
"PEPTIDE2866{A.[meL].[dL].P.[Me_dL].F}$PEPTIDE2866,PEPTIDE2866,1:R1-6:R2$$$",2020_Townsend,2020,-5.35,1,-5.864398309578496,1,0.5547241259088534
"PEPTIDE1315{F.[Bn_Gly].[meL].[Nle].[dP].[Mono42]}$PEPTIDE1315,PEPTIDE1315,1:R1-6:R2$$$",2016_Furukawa,2016,-5.42,1,-5.735905110597502,1,0.6556111696521346
"PEPTIDE7461{[dL].L.[meL].[dP].Y.L}$PEPTIDE7461,PEPTIDE7461,1:R1-6:R2$$$",2023_Ghosh,2023,-5.49,1,-5.173570829693929,1,0.9843108211734524
"PEPTIDE2726{[Pr_Gly].[meL].[dL].[dP].[meL].F}$PEPTIDE2726,PEPTIDE2726,1:R1-6:R2$$$",2020_Townsend,2020,-4.83,1,-4.864231487685424,1,0.9747265554848455
"PEPTIDE1740{F.[Mono38].[dL].[Nle].[dP].[Et_Gly]}$PEPTIDE1740,PEPTIDE1740,1:R1-6:R2$$$",2016_Furukawa,2016,-5.89,1,-6.146537062128961,0,0.26901373076482354
"PEPTIDE1447{[Nal].[cHexCH2_Gly].[meL].[Nle].[dP].[Mono1]}$PEPTIDE1447,PEPTIDE1447,1:R1-6:R2$$$",2016_Furukawa,2016,-9.12,0,-8.086318230688963,0,0.04036268098604328
"PEPTIDE3416{[meA].[dL].L.[dP].L.F}$PEPTIDE3416,PEPTIDE3416,1:R1-6:R2$$$",2020_Townsend,2020,-6.01,0,-6.392917972994127,0,0.26042944380791627
"PEPTIDE3029{A.[dL].L.[dP].[dL].F}$PEPTIDE3029,PEPTIDE3029,1:R1-6:R2$$$",2020_Townsend,2020,-4.82,1,-6.392242101536791,0,0.13241547512171833
"PEPTIDE3484{[meA].[dL].[bHph].[dP].[Bn_Gly].F}$PEPTIDE3484,PEPTIDE3484,1:R1-6:R2$$$",2020_Townsend,2020,-5.64,1,-6.22607618664703,0,0.47664679857802156
"PEPTIDE1081{A.G.[dF].[dL].P.Y}$PEPTIDE1081,PEPTIDE1081,1:R1-6:R2$$$",2015_Wang,2015,-8.0,0,-6.905215943515753,0,0.006983288818681213
"PEPTIDE7462{[dL].L.L.[dP].[meY].L}$PEPTIDE7462,PEPTIDE7462,1:R1-6:R2$$$",2023_Ghosh,2023,-5.34,1,-4.883453677585051,1,0.9754932124511906
"PEPTIDE1801{[dF].[pentyl_Gly].[Me_dL].[Nle].[dP].[Mono1]}$PEPTIDE1801,PEPTIDE1801,1:R1-6:R2$$$",2016_Furukawa,2016,-10.0,0,-6.000600295752286,1,0.760387751473495
"PEPTIDE980{L.[Me_dL].[meL].L.[dP].[meY]}$PEPTIDE980,PEPTIDE980,1:R1-6:R2$$$",2015_Bockus_1,2015,-5.52,1,-5.404196534622052,1,0.8385799647753628
"PEPTIDE7454{[dL].[Leu(O->S)].L.[dP].Y.L}$PEPTIDE7454,PEPTIDE7454,1:R1-6:R2$$$",2023_Ghosh,2023,-5.37,1,-5.221405778584035,1,0.9743603947211614
"PEPTIDE1414{A.[MeOEt_Gly].[meL].[Nle].[dP].[Mono1]}$PEPTIDE1414,PEPTIDE1414,1:R1-6:R2$$$",2016_Furukawa,2016,-5.93,1,-6.046950994818105,0,0.23064494995935775
"PEPTIDE1007{[dP].[dL].[dL].[dL].L.Y}$PEPTIDE1007,PEPTIDE1007,1:R1-6:R2$$$",2015_Hewitt,2015,-6.64,0,-6.260130308843294,0,0.19532080541760644
"PEPTIDE2350{L.[dNva].[Cha].[Cha].[dP].Y}$PEPTIDE2350,PEPTIDE2350,1:R1-6:R2$$$",2018_Naylor,2018,-5.86,1,-5.435138457091286,1,0.697155832493841
"PEPTIDE2697{[Pr_Gly].[dL].[dL].[dP].[Me_dL].F}$PEPTIDE2697,PEPTIDE2697,1:R1-6:R2$$$",2020_Townsend,2020,-6.02,0,-5.691949658057166,1,0.7072142831493152
"PEPTIDE3305{[meA].L.[Bn_Gly].P.[Bn_Gly].F}$PEPTIDE3305,PEPTIDE3305,1:R1-6:R2$$$",2020_Townsend,2020,-5.48,1,-6.3510300770436725,1,0.5270109340346438
"PEPTIDE2673{[bHph].[dL].[Bn_Gly].P.[Bn_Gly].F}$PEPTIDE2673,PEPTIDE2673,1:R1-6:R2$$$",2020_Townsend,2020,-6.02,0,-6.01750293527476,1,0.5762979524732634
"PEPTIDE1490{[Nal].[PhPr_Gly].[meL].[Nle].[dP].[Mono44]}$PEPTIDE1490,PEPTIDE1490,1:R1-6:R2$$$",2016_Furukawa,2016,-10.0,0,-8.209830469109374,0,0.023498334740312102
"PEPTIDE1581{A.[Mono38].[meL].[Nle].[dP].[Mono1]}$PEPTIDE1581,PEPTIDE1581,1:R1-6:R2$$$",2016_Furukawa,2016,-5.54,1,-5.828870969602542,0,0.25875184732023754
"PEPTIDE3115{A.[Bn_Gly].[bHph].[dP].L.F}$PEPTIDE3115,PEPTIDE3115,1:R1-6:R2$$$",2020_Townsend,2020,-10.0,0,-6.954775708795119,0,0.11865031090760653
"PEPTIDE1804{[dA].[pentyl_Gly].[dL].[Nle].[dP].[Et_Gly]}$PEPTIDE1804,PEPTIDE1804,1:R1-6:R2$$$",2016_Furukawa,2016,-6.36,0,-5.8107502897325665,1,0.5434731049686005
"PEPTIDE1435{F.[Bn_Gly].[meL].[Nle].[dP].[Mono1]}$PEPTIDE1435,PEPTIDE1435,1:R1-6:R2$$$",2016_Furukawa,2016,-7.51,0,-6.322832854491406,0,0.3213121923223757
"PEPTIDE1479{F.[3-pyridylethyl_Gly].[meL].[Nle].[dP].[Mono44]}$PEPTIDE1479,PEPTIDE1479,1:R1-6:R2$$$",2016_Furukawa,2016,-5.57,1,-6.3261212957739446,0,0.3402571866679279
"PEPTIDE1518{F.[Mono38].[meL].[Nle].[dP].[Mono45]}$PEPTIDE1518,PEPTIDE1518,1:R1-6:R2$$$",2016_Furukawa,2016,-5.4,1,-5.829561571567134,0,0.27251349251140594
"PEPTIDE2869{A.[Me_dL].[Me_dL].P.L.F}$PEPTIDE2869,PEPTIDE2869,1:R1-6:R2$$$",2020_Townsend,2020,-5.41,1,-5.505133293377974,1,0.7937687727244942
"PEPTIDE1254{A.[MeOEt_Gly].[meL].[Nle].[dP].[Mono34]}$PEPTIDE1254,PEPTIDE1254,1:R1-6:R2$$$",2016_Furukawa,2016,-6.32,0,-5.874534757450343,0,0.41119519516916186
"PEPTIDE1220{A.[3-pyridylethyl_Gly].[meL].[Nle].[dP].[iBu_Gly]}$PEPTIDE1220,PEPTIDE1220,1:R1-6:R2$$$",2016_Furukawa,2016,-6.54,0,-5.465028353964939,1,0.5162530472632905
"PEPTIDE3209{[dA].[Me_dL].[bHph].[dP].[meL].F}$PEPTIDE3209,PEPTIDE3209,1:R1-6:R2$$$",2020_Townsend,2020,-5.3,1,-6.146645562806248,1,0.7636167590183573
"PEPTIDE1698{A.[Mono38].[dL].[Nle].P.[Et_Gly]}$PEPTIDE1698,PEPTIDE1698,1:R1-6:R2$$$",2016_Furukawa,2016,-7.48,0,-6.847176853892246,0,0.0708386889628536
"PEPTIDE3145{[dA].[dL].[Me_dL].[dP].[meL].F}$PEPTIDE3145,PEPTIDE3145,1:R1-6:R2$$$",2020_Townsend,2020,-6.25,0,-6.00509628955752,1,0.5438418741362205
"PEPTIDE1301{L.[pentyl_Gly].[meL].[Nle].[dP].[Mono42]}$PEPTIDE1301,PEPTIDE1301,1:R1-6:R2$$$",2016_Furukawa,2016,-5.27,1,-6.176524308700447,0,0.367311786097521
"PEPTIDE3535{[Me_dA].L.[dL].[dP].[Bn_Gly].F}$PEPTIDE3535,PEPTIDE3535,1:R1-6:R2$$$",2020_Townsend,2020,-5.69,1,-5.713496150362163,1,0.8067957641246638
"PEPTIDE2624{[bHph].[Me_dL].[meL].P.[dL].F}$PEPTIDE2624,PEPTIDE2624,1:R1-6:R2$$$",2020_Townsend,2020,-5.21,1,-5.669436548203274,1,0.8308659696769044
"PEPTIDE3468{[meA].[meL].L.[dP].[Bn_Gly].F}$PEPTIDE3468,PEPTIDE3468,1:R1-6:R2$$$",2020_Townsend,2020,-5.23,1,-4.859702111300918,1,0.9822571341377118
"PEPTIDE2463{Y.[meL].[dL].L.L.[dP]}$PEPTIDE2463,PEPTIDE2463,1:R1-6:R2$$$",2020_Hosono,2020,-6.22,0,-6.71927416412476,0,0.0814990251164043
"PEPTIDE3304{[meA].[meL].[Bn_Gly].P.[meL].F}$PEPTIDE3304,PEPTIDE3304,1:R1-6:R2$$$",2020_Townsend,2020,-4.81,1,-4.890518594045338,1,0.981825098508173
"PEPTIDE1216{A.[Bn_Gly].[meL].[Nle].[dP].[iBu_Gly]}$PEPTIDE1216,PEPTIDE1216,1:R1-6:R2$$$",2016_Furukawa,2016,-4.98,1,-5.450146026228566,1,0.5761733509342586
"PEPTIDE1028{[meL].[Me_dL].[dL].P.[Me_dY].[dL]}$PEPTIDE1028,PEPTIDE1028,1:R1-6:R2$$$",2015_Marelli,2015,-4.3,1,-6.459948294733577,1,0.7740468004796005
"PEPTIDE1283{[Nal].[pentyl_Gly].[meL].[Nle].[dP].[Mono34]}$PEPTIDE1283,PEPTIDE1283,1:R1-6:R2$$$",2016_Furukawa,2016,-7.19,0,-6.370910554641775,1,0.7828462976259707
"PEPTIDE3303{[meA].[meL].[meL].P.[Bn_Gly].F}$PEPTIDE3303,PEPTIDE3303,1:R1-6:R2$$$",2020_Townsend,2020,-5.75,1,-4.949571691664139,1,0.989219353381468
"PEPTIDE1506{L.[Bn_Gly].[meL].[Nle].[dP].[Mono45]}$PEPTIDE1506,PEPTIDE1506,1:R1-6:R2$$$",2016_Furukawa,2016,-5.66,1,-5.837621030584741,0,0.3448521787304116
"PEPTIDE1068{L.L.[dL].[dP].P.[Ala(indol-2-yl)]}$PEPTIDE1068,PEPTIDE1068,1:R1-6:R2$$$",2015_Wang,2015,-6.72,0,-6.700091591426252,0,0.06518633442116818
"PEPTIDE3459{[meA].[dL].[bHph].[dP].L.F}$PEPTIDE3459,PEPTIDE3459,1:R1-6:R2$$$",2020_Townsend,2020,-5.95,1,-6.375371245670474,0,0.3346516183494598
"PEPTIDE3375{[Me_dA].[Me_dL].[dL].P.[Bn_Gly].F}$PEPTIDE3375,PEPTIDE3375,1:R1-6:R2$$$",2020_Townsend,2020,-4.94,1,-5.116856389664961,1,0.9564679908680497
"PEPTIDE3499{[Me_dA].[dL].[dL].[dP].[Me_dL].F}$PEPTIDE3499,PEPTIDE3499,1:R1-6:R2$$$",2020_Townsend,2020,-5.97,1,-6.153625574829174,0,0.4378174096646561
"PEPTIDE3271{[meA].[Me_dL].[Me_dL].P.[meL].F}$PEPTIDE3271,PEPTIDE3271,1:R1-6:R2$$$",2020_Townsend,2020,-4.4,1,-4.679553752898735,1,0.9779878554437202
"PEPTIDE1623{[dF].[Mono38].[meL].[Nle].P.[Mono1]}$PEPTIDE1623,PEPTIDE1623,1:R1-6:R2$$$",2016_Furukawa,2016,-6.17,0,-5.794095971413457,1,0.5642870978550548
"PEPTIDE1599{A.[Mono38].L.[Nle].[dP].[Mono1]}$PEPTIDE1599,PEPTIDE1599,1:R1-6:R2$$$",2016_Furukawa,2016,-6.34,0,-6.642806686681468,0,0.06583349848421352
"PEPTIDE18{[Tyr(Me)].[dP].L.L.[dL].L}$PEPTIDE18,PEPTIDE18,1:R1-6:R2$$$",2006_Rezai_2,2006,-6.75,0,-6.704077363853459,0,0.15328909837100144
"PEPTIDE1349{L.[Mono38].[meL].[Nle].[dP].[Bn(4-Cl)_Gly]}$PEPTIDE1349,PEPTIDE1349,1:R1-6:R2$$$",2016_Furukawa,2016,-5.22,1,-5.880908619012185,1,0.6926459598217405
"PEPTIDE1329{[Nal].[3-pyridylethyl_Gly].[meL].[Nle].[dP].[Mono42]}$PEPTIDE1329,PEPTIDE1329,1:R1-6:R2$$$",2016_Furukawa,2016,-6.02,0,-5.956979551401767,0,0.3844294710430629
"PEPTIDE1439{F.[3-pyridylethyl_Gly].[meL].[Nle].[dP].[Mono1]}$PEPTIDE1439,PEPTIDE1439,1:R1-6:R2$$$",2016_Furukawa,2016,-5.8,1,-6.57313195413063,0,0.24366341568520236
"PEPTIDE3443{[meA].[Me_dL].[meL].[dP].L.F}$PEPTIDE3443,PEPTIDE3443,1:R1-6:R2$$$",2020_Townsend,2020,-5.26,1,-5.028023506657688,1,0.9609767912007973
"PEPTIDE2586{[bHph].[meL].[bHph].[dP].[Me_dL].F}$PEPTIDE2586,PEPTIDE2586,1:R1-6:R2$$$",2020_Townsend,2020,-4.99,1,-6.28630466089803,1,0.7114205414071615
"PEPTIDE1589{A.[cHexCH2_Gly].L.[Nle].[dP].[Et_Gly]}$PEPTIDE1589,PEPTIDE1589,1:R1-6:R2$$$",2016_Furukawa,2016,-6.11,0,-5.735171312791445,1,0.5627170856646514
"PEPTIDE3301{[meA].[Me_dL].[meL].P.[Bn_Gly].F}$PEPTIDE3301,PEPTIDE3301,1:R1-6:R2$$$",2020_Townsend,2020,-4.76,1,-4.929056716339285,1,0.9628507503659767
"PEPTIDE1073{F.[dF].F.F.[dP].[Ala(indol-2-yl)]}$PEPTIDE1073,PEPTIDE1073,1:R1-6:R2$$$",2015_Wang,2015,-10.0,0,-6.394064359805448,0,0.37409977643071
"PEPTIDE3142{[dA].L.L.[dP].[meL].F}$PEPTIDE3142,PEPTIDE3142,1:R1-6:R2$$$",2020_Townsend,2020,-5.64,1,-5.09900517419012,1,0.7714597055225182
"PEPTIDE2553{[bHph].L.[Bn_Gly].[dP].[dL].F}$PEPTIDE2553,PEPTIDE2553,1:R1-6:R2$$$",2020_Townsend,2020,-5.32,1,-5.461163790054876,1,0.5900045213670255
"PEPTIDE3541{[Me_dA].[meL].[Me_dL].[dP].[Me_dL].F}$PEPTIDE3541,PEPTIDE3541,1:R1-6:R2$$$",2020_Townsend,2020,-4.9,1,-4.966966622149952,1,0.9706119033797272
"PEPTIDE7391{[dP].[dL].[dL].[dPye].L.L}$PEPTIDE7391,PEPTIDE7391,1:R1-6:R2$$$",2022_Taechalertpaisarn,2022,-6.53,0,-6.279200394451298,0,0.4054897267320983
"PEPTIDE2937{[dA].[Me_dL].[dL].P.[dL].F}$PEPTIDE2937,PEPTIDE2937,1:R1-6:R2$$$",2020_Townsend,2020,-5.88,1,-6.1736492134991865,0,0.4468740470515395
"PEPTIDE1749{F.[Mono38].[dL].[Nle].[dP].[Mono1]}$PEPTIDE1749,PEPTIDE1749,1:R1-6:R2$$$",2016_Furukawa,2016,-5.06,1,-6.069536278674368,0,0.3034142136401527
"PEPTIDE2689{[bHph].[Bn_Gly].[Bn_Gly].P.[Bn_Gly].F}$PEPTIDE2689,PEPTIDE2689,1:R1-6:R2$$$",2020_Townsend,2020,-6.17,0,-5.228119799602068,1,0.7717999689314755
"PEPTIDE26{[Me_dL].[meL].L.[meL].[dP].[meY]}$PEPTIDE26,PEPTIDE26,1:R1-6:R2$$$",2011_White,2011,-5.39,1,-5.291078587010945,1,0.9592334422868184
"PEPTIDE2526{[bHph].L.[Me_dL].[dP].[dL].F}$PEPTIDE2526,PEPTIDE2526,1:R1-6:R2$$$",2020_Townsend,2020,-5.48,1,-5.635298755699197,1,0.8129299631862696
"PEPTIDE1576{A.[Mono38].[meL].[Nle].[dP].[Mono34]}$PEPTIDE1576,PEPTIDE1576,1:R1-6:R2$$$",2016_Furukawa,2016,-6.19,0,-5.906896853372083,0,0.30433852575925435
"PEPTIDE3335{[Me_dA].[Me_dL].L.P.[dL].F}$PEPTIDE3335,PEPTIDE3335,1:R1-6:R2$$$",2020_Townsend,2020,-4.97,1,-5.375208888327111,1,0.8775527725046512
"PEPTIDE3172{[dA].L.L.[dP].[Bn_Gly].F}$PEPTIDE3172,PEPTIDE3172,1:R1-6:R2$$$",2020_Townsend,2020,-5.68,1,-5.1877356286777845,1,0.7010616164027196
"PEPTIDE3341{[Me_dA].L.[Me_dL].P.L.F}$PEPTIDE3341,PEPTIDE3341,1:R1-6:R2$$$",2020_Townsend,2020,-5.02,1,-5.492555536497567,1,0.7692752291381907
"PEPTIDE1541{F.[cHexCH2_Gly].[meL].[Nle].P.[Et_Gly]}$PEPTIDE1541,PEPTIDE1541,1:R1-6:R2$$$",2016_Furukawa,2016,-5.07,1,-5.869826248064247,0,0.4289439866928222
"PEPTIDE3043{A.L.[meL].[dP].[dL].F}$PEPTIDE3043,PEPTIDE3043,1:R1-6:R2$$$",2020_Townsend,2020,-6.52,0,-5.912701580476727,1,0.6455574688309462
"PEPTIDE1467{F.[MeOEt_Gly].[meL].[Nle].[dP].[Mono44]}$PEPTIDE1467,PEPTIDE1467,1:R1-6:R2$$$",2016_Furukawa,2016,-5.38,1,-5.797429367212735,1,0.5653755764662265
"PEPTIDE2639{[bHph].L.[meL].P.[meL].F}$PEPTIDE2639,PEPTIDE2639,1:R1-6:R2$$$",2020_Townsend,2020,-5.14,1,-4.96974643482505,1,0.9719167083086724
"PEPTIDE3020{[dA].L.[bHph].P.[Bn_Gly].F}$PEPTIDE3020,PEPTIDE3020,1:R1-6:R2$$$",2020_Townsend,2020,-5.96,1,-6.319383021868756,0,0.29910238292998514
"PEPTIDE2460{Y.L.[dL].[(N->O)Leu].L.[dP]}$PEPTIDE2460,PEPTIDE2460,1:R1-6:R2$$$",2020_Hosono,2020,-5.39,1,-5.783136261513017,1,0.5355348009885611
"PEPTIDE3005{[dA].[Me_dL].[bHph].P.L.F}$PEPTIDE3005,PEPTIDE3005,1:R1-6:R2$$$",2020_Townsend,2020,-5.93,1,-6.56554485469463,0,0.2722653008197059
"PEPTIDE3555{[Me_dA].[Me_dL].L.[dP].[Bn_Gly].F}$PEPTIDE3555,PEPTIDE3555,1:R1-6:R2$$$",2020_Townsend,2020,-5.55,1,-5.360837720399722,1,0.919732275456101
"PEPTIDE2578{[bHph].[dL].[bHph].[dP].[meL].F}$PEPTIDE2578,PEPTIDE2578,1:R1-6:R2$$$",2020_Townsend,2020,-5.63,1,-6.098652867374887,1,0.656703810548804
"PEPTIDE1171{[Nal].[Mono39].[meL].[Nle].[dP].[Et_Gly]}$PEPTIDE1171,PEPTIDE1171,1:R1-6:R2$$$",2016_Furukawa,2016,-6.32,0,-7.305576311310248,0,0.11316740606788432
"PEPTIDE7452{[dL].L.L.[dP].Y.L}$PEPTIDE7452,PEPTIDE7452,1:R1-6:R2$$$",2023_Ghosh,2023,-5.6,1,-5.677122405973562,1,0.9303880514783393
"PEPTIDE2804{[Pr_Gly].L.[dL].P.[Bn_Gly].F}$PEPTIDE2804,PEPTIDE2804,1:R1-6:R2$$$",2020_Townsend,2020,-5.59,1,-5.470829204975405,1,0.7995289818171827
"PEPTIDE2527{[bHph].[dL].[meL].[dP].[dL].F}$PEPTIDE2527,PEPTIDE2527,1:R1-6:R2$$$",2020_Townsend,2020,-5.6,1,-4.9437827620385155,1,0.9526550687403516
"PEPTIDE2746{[Pr_Gly].[Me_dL].L.[dP].[Bn_Gly].F}$PEPTIDE2746,PEPTIDE2746,1:R1-6:R2$$$",2020_Townsend,2020,-5.37,1,-5.2632256184503925,1,0.955297705525673
"PEPTIDE3343{[Me_dA].L.L.P.[meL].F}$PEPTIDE3343,PEPTIDE3343,1:R1-6:R2$$$",2020_Townsend,2020,-5.4,1,-5.133316548128274,1,0.8658015940022517
"PEPTIDE2812{[Pr_Gly].[dL].[Bn_Gly].P.[Me_dL].F}$PEPTIDE2812,PEPTIDE2812,1:R1-6:R2$$$",2020_Townsend,2020,-5.24,1,-5.156500199798404,1,0.9374106018938065
"PEPTIDE1362{F.[Mono39].[meL].[Nle].[dP].[Bn(4-Cl)_Gly]}$PEPTIDE1362,PEPTIDE1362,1:R1-6:R2$$$",2016_Furukawa,2016,-8.36,0,-7.165150662164399,0,0.20332952423145678
"PEPTIDE3482{[meA].[Me_dL].[Bn_Gly].[dP].[Bn_Gly].F}$PEPTIDE3482,PEPTIDE3482,1:R1-6:R2$$$",2020_Townsend,2020,-5.89,1,-5.770895039262317,1,0.7127679820752686
"PEPTIDE3027{A.L.[dL].[dP].[dL].F}$PEPTIDE3027,PEPTIDE3027,1:R1-6:R2$$$",2020_Townsend,2020,-10.0,0,-6.341901733843196,0,0.16259482639898168
"PEPTIDE2885{A.[Me_dL].[Me_dL].P.[Me_dL].F}$PEPTIDE2885,PEPTIDE2885,1:R1-6:R2$$$",2020_Townsend,2020,-5.22,1,-5.1597493913270815,1,0.9301908182368966
"PEPTIDE1847{L.[dF].[dP].F.[dL].I}$PEPTIDE1847,PEPTIDE1847,1:R1-6:R2$$$",2016_Schwochert,2016,-4.74,1,-5.327584934927753,1,0.6367233543035972
"PEPTIDE1534{A.[pentyl_Gly].[meL].[Nle].P.[Et_Gly]}$PEPTIDE1534,PEPTIDE1534,1:R1-6:R2$$$",2016_Furukawa,2016,-5.54,1,-5.7412285539163275,0,0.3680767166692192
"PEPTIDE2739{[Pr_Gly].[Me_dL].[meL].[dP].[Me_dL].F}$PEPTIDE2739,PEPTIDE2739,1:R1-6:R2$$$",2020_Townsend,2020,-5.09,1,-4.875599876611184,1,0.9855413414450619
"PEPTIDE2846{A.[Me_dL].[dL].P.[dL].F}$PEPTIDE2846,PEPTIDE2846,1:R1-6:R2$$$",2020_Townsend,2020,-5.95,1,-6.251705768868104,0,0.40095697013831544
"PEPTIDE7484{[dW].K.[Thr(O->S)].F.P.F}$PEPTIDE7484,PEPTIDE7484,1:R1-6:R2$$$",2023_Ghosh,2023,-6.0,1,-6.333020496687767,1,0.787733325073557
"PEPTIDE993{[Mono14].[Tle].F.P.I.P}$PEPTIDE993,PEPTIDE993,1:R1-6:R2$$$",2015_Bockus_2,2015,-5.66,1,-5.4215672509506865,1,0.958493131170144
"PEPTIDE2803{[Pr_Gly].[dL].L.P.[Bn_Gly].F}$PEPTIDE2803,PEPTIDE2803,1:R1-6:R2$$$",2020_Townsend,2020,-5.5,1,-5.426721929326983,1,0.8311906988641763
"PEPTIDE1368{[Nal].[Mono38].[meL].[Nle].[dP].[Bn(4-Cl)_Gly]}$PEPTIDE1368,PEPTIDE1368,1:R1-6:R2$$$",2016_Furukawa,2016,-7.82,0,-7.518504666297342,0,0.11080514830212819
"PEPTIDE1011{[dP].[meL].[Me_dL].[dL].[meL].Y}$PEPTIDE1011,PEPTIDE1011,1:R1-6:R2$$$",2015_Hewitt,2015,-6.26,0,-5.034090501111688,1,0.8672098277936343
"PEPTIDE1291{[Nal].[Mono39].[meL].[Nle].[dP].[Mono34]}$PEPTIDE1291,PEPTIDE1291,1:R1-6:R2$$$",2016_Furukawa,2016,-6.8,0,-6.952166613604961,0,0.4196910987967539
"PEPTIDE1676{[dF].[cHexCH2_Gly].L.[Nle].[dP].[Mono1]}$PEPTIDE1676,PEPTIDE1676,1:R1-6:R2$$$",2016_Furukawa,2016,-5.62,1,-5.628535362735423,1,0.7443990782659019
"PEPTIDE3265{[meA].[dL].L.P.[Bn_Gly].F}$PEPTIDE3265,PEPTIDE3265,1:R1-6:R2$$$",2020_Townsend,2020,-5.35,1,-5.5944415240379115,1,0.7677582629165179
"PEPTIDE2775{[Pr_Gly].[dL].[dL].P.[Me_dL].F}$PEPTIDE2775,PEPTIDE2775,1:R1-6:R2$$$",2020_Townsend,2020,-5.95,1,-5.446419983228438,1,0.8339988133396762
"PEPTIDE3097{A.[meL].L.[dP].[Bn_Gly].F}$PEPTIDE3097,PEPTIDE3097,1:R1-6:R2$$$",2020_Townsend,2020,-5.74,1,-5.544617764931738,1,0.8959102480980284
"PEPTIDE3273{[meA].[meL].[Me_dL].P.[Me_dL].F}$PEPTIDE3273,PEPTIDE3273,1:R1-6:R2$$$",2020_Townsend,2020,-4.0,1,-4.879687178295408,1,0.9814403413785824
"PEPTIDE2750{[Pr_Gly].L.[meL].[dP].[Bn_Gly].F}$PEPTIDE2750,PEPTIDE2750,1:R1-6:R2$$$",2020_Townsend,2020,-5.13,1,-4.95485784558395,1,0.9813547699121572
"PEPTIDE3124{[dA].L.L.[dP].L.F}$PEPTIDE3124,PEPTIDE3124,1:R1-6:R2$$$",2020_Townsend,2020,-6.61,0,-5.615126041418999,0,0.4716110658502137
"PEPTIDE2338{L.[dL].L.L.[dP].F}$PEPTIDE2338,PEPTIDE2338,1:R1-6:R2$$$",2018_Naylor,2018,-5.06,1,-6.48270729294013,0,0.278937546418606
"PEPTIDE1407{[Nal].[cHexCH2_Gly].[meL].[Nle].[dP].[Mono43]}$PEPTIDE1407,PEPTIDE1407,1:R1-6:R2$$$",2016_Furukawa,2016,-8.84,0,-9.304517660924946,0,0.012219482563000502
"PEPTIDE1078{A.G.F.L.[dP].Y}$PEPTIDE1078,PEPTIDE1078,1:R1-6:R2$$$",2015_Wang,2015,-8.0,0,-8.339020079746547,0,0.001545335552555286
"PEPTIDE2871{A.[Bn_Gly].[dL].P.[dL].F}$PEPTIDE2871,PEPTIDE2871,1:R1-6:R2$$$",2020_Townsend,2020,-6.43,0,-6.450295800868428,0,0.11742528674215878
"PEPTIDE2998{[dA].[meL].L.P.[Bn_Gly].F}$PEPTIDE2998,PEPTIDE2998,1:R1-6:R2$$$",2020_Townsend,2020,-5.5,1,-5.528768710159215,1,0.8289515540033929
"PEPTIDE2777{[Pr_Gly].[dL].[Me_dL].P.[dL].F}$PEPTIDE2777,PEPTIDE2777,1:R1-6:R2$$$",2020_Townsend,2020,-4.96,1,-5.288298824691327,1,0.8847225741522651
"PEPTIDE3202{[dA].[Me_dL].[Bn_Gly].[dP].[meL].F}$PEPTIDE3202,PEPTIDE3202,1:R1-6:R2$$$",2020_Townsend,2020,-5.0,1,-5.402823945223709,1,0.8459909213903583
"PEPTIDE2518{[bHph].L.[dL].[dP].L.F}$PEPTIDE2518,PEPTIDE2518,1:R1-6:R2$$$",2020_Townsend,2020,-5.77,1,-5.663638324801346,1,0.6860300529308127
"PEPTIDE2558{[bHph].[Bn_Gly].L.[dP].L.F}$PEPTIDE2558,PEPTIDE2558,1:R1-6:R2$$$",2020_Townsend,2020,-5.51,1,-5.784986910943007,1,0.5527666971851685
"PEPTIDE1498{A.[Mono38].[meL].[Nle].[dP].[Mono45]}$PEPTIDE1498,PEPTIDE1498,1:R1-6:R2$$$",2016_Furukawa,2016,-6.67,0,-5.180496491544465,1,0.5026655067870669
"PEPTIDE3080{A.[meL].[Me_dL].[dP].[Me_dL].F}$PEPTIDE3080,PEPTIDE3080,1:R1-6:R2$$$",2020_Townsend,2020,-5.84,1,-5.5686421521570315,1,0.8098853373038466
"PEPTIDE2970{[dA].[Me_dL].L.P.[meL].F}$PEPTIDE2970,PEPTIDE2970,1:R1-6:R2$$$",2020_Townsend,2020,-5.3,1,-5.602345271484042,1,0.6746797378357718
"PEPTIDE1401{F.[PhPr_Gly].[meL].[Nle].[dP].[Mono43]}$PEPTIDE1401,PEPTIDE1401,1:R1-6:R2$$$",2016_Furukawa,2016,-8.51,0,-8.105249324446888,0,0.052655122985788665
"PEPTIDE3100{A.[Me_dL].[Me_dL].[dP].[Bn_Gly].F}$PEPTIDE3100,PEPTIDE3100,1:R1-6:R2$$$",2020_Townsend,2020,-5.1,1,-5.389678286407121,1,0.9261184567258323
"PEPTIDE2809{[Pr_Gly].[meL].[Me_dL].P.[Me_dL].F}$PEPTIDE2809,PEPTIDE2809,1:R1-6:R2$$$",2020_Townsend,2020,-4.77,1,-4.806024162775254,1,0.9897492149998093
"PEPTIDE1815{[dA].[Mono38].[dL].[Nle].[dP].[Mono1]}$PEPTIDE1815,PEPTIDE1815,1:R1-6:R2$$$",2016_Furukawa,2016,-5.89,1,-6.976994084197424,0,0.09329593583666722
"PEPTIDE2755{[Pr_Gly].[Me_dL].[Bn_Gly].[dP].[Me_dL].F}$PEPTIDE2755,PEPTIDE2755,1:R1-6:R2$$$",2020_Townsend,2020,-5.34,1,-5.303939258647968,1,0.9349022121213528
"PEPTIDE931{[Mono14].[Tle].F.P.I.P}$PEPTIDE931,PEPTIDE931,1:R1-6:R2$$$",2014_Nielsen,2014,-5.92,1,-5.48342254007022,1,0.9448250070760045
"PEPTIDE1859{[Ala(tBu)].[Tza].[dP].[Mono48].[Ser(Bn)].[dF]}$PEPTIDE1859,PEPTIDE1859,1:R1-6:R2$$$",2017_Boehm,2017,-5.21,1,-6.195489446288567,1,0.6228357814167287
"PEPTIDE1258{A.[Mono38].[meL].[Nle].[dP].[Mono34]}$PEPTIDE1258,PEPTIDE1258,1:R1-6:R2$$$",2016_Furukawa,2016,-6.47,0,-5.946148046245436,0,0.2707306340906945
"PEPTIDE3248{[meA].[Me_dL].[dL].P.[meL].F}$PEPTIDE3248,PEPTIDE3248,1:R1-6:R2$$$",2020_Townsend,2020,-4.74,1,-4.560435871851936,1,0.9744599000188915
"PEPTIDE1278{F.[Mono38].[meL].[Nle].[dP].[Mono34]}$PEPTIDE1278,PEPTIDE1278,1:R1-6:R2$$$",2016_Furukawa,2016,-5.11,1,-5.267235164098691,1,0.769172291984697
"PEPTIDE2565{[bHph].[meL].[meL].[dP].[Me_dL].F}$PEPTIDE2565,PEPTIDE2565,1:R1-6:R2$$$",2020_Townsend,2020,-5.21,1,-5.022443086343745,1,0.9875409501652479
"PEPTIDE3235{[meA].[dL].[meL].P.L.F}$PEPTIDE3235,PEPTIDE3235,1:R1-6:R2$$$",2020_Townsend,2020,-5.78,1,-5.396477933498556,1,0.7615965335810623
"PEPTIDE3359{[Me_dA].[meL].[dL].P.[meL].F}$PEPTIDE3359,PEPTIDE3359,1:R1-6:R2$$$",2020_Townsend,2020,-4.8,1,-4.8133093571235035,1,0.9563983658950286
"PEPTIDE3330{[Me_dA].[meL].[dL].P.[dL].F}$PEPTIDE3330,PEPTIDE3330,1:R1-6:R2$$$",2020_Townsend,2020,-5.55,1,-5.65148853228836,1,0.764798015046129
"PEPTIDE2975{[dA].L.[dL].P.[Bn_Gly].F}$PEPTIDE2975,PEPTIDE2975,1:R1-6:R2$$$",2020_Townsend,2020,-6.32,0,-6.268945386727728,0,0.2855640295840965
"PEPTIDE2320{L.[Me_dNva].[Me_Cha].[Cha].[dP].[meF]}$PEPTIDE2320,PEPTIDE2320,1:R1-6:R2$$$",2018_Naylor,2018,-6.49,0,-5.99189429241203,1,0.5254162013784298
"PEPTIDE2994{[dA].[meL].[meL].P.[meL].F}$PEPTIDE2994,PEPTIDE2994,1:R1-6:R2$$$",2020_Townsend,2020,-5.22,1,-4.939075589978562,1,0.9828252067932186
"PEPTIDE3344{[Me_dA].[meL].L.P.L.F}$PEPTIDE3344,PEPTIDE3344,1:R1-6:R2$$$",2020_Townsend,2020,-5.79,1,-5.0799512008276,1,0.8931689443268581
"PEPTIDE1778{[dA].[cHexCH2_Gly].[dL].[Nle].P.[Mono1]}$PEPTIDE1778,PEPTIDE1778,1:R1-6:R2$$$",2016_Furukawa,2016,-5.42,1,-5.1515307868182,1,0.7861288712319046
"PEPTIDE998{[Mono14].L.[meF].P.I.P}$PEPTIDE998,PEPTIDE998,1:R1-6:R2$$$",2015_Bockus_2,2015,-4.76,1,-4.863511424083498,1,0.9399704598098956
"PEPTIDE2392{[dP].[dL].[dL].L.[dL].Y}$PEPTIDE2392,PEPTIDE2392,1:R1-6:R2$$$",2019_Ono,2019,-5.14,1,-6.298905870384441,0,0.17091487269614436
"PEPTIDE2817{[Pr_Gly].[dL].[Bn_Gly].P.[meL].F}$PEPTIDE2817,PEPTIDE2817,1:R1-6:R2$$$",2020_Townsend,2020,-4.88,1,-5.117750768947338,1,0.9430504608107539
"PEPTIDE1687{A.[pentyl_Gly].[Me_dL].[Nle].P.[Mono1]}$PEPTIDE1687,PEPTIDE1687,1:R1-6:R2$$$",2016_Furukawa,2016,-4.84,1,-5.406201986682491,1,0.7298816462504356
"PEPTIDE2696{[Pr_Gly].L.L.[dP].L.F}$PEPTIDE2696,PEPTIDE2696,1:R1-6:R2$$$",2020_Townsend,2020,-6.62,0,-5.799249569830331,1,0.7082796353080512
"PEPTIDE3141{[dA].[meL].L.[dP].L.F}$PEPTIDE3141,PEPTIDE3141,1:R1-6:R2$$$",2020_Townsend,2020,-5.99,1,-6.009316396257454,1,0.7801089830366661
"PEPTIDE1494{A.[MeOEt_Gly].[meL].[Nle].[dP].[Mono45]}$PEPTIDE1494,PEPTIDE1494,1:R1-6:R2$$$",2016_Furukawa,2016,-6.51,0,-5.3269770652404,1,0.5389637014074541
"PEPTIDE1244{F.[Mono40].[meL].[Nle].[dP].[iBu_Gly]}$PEPTIDE1244,PEPTIDE1244,1:R1-6:R2$$$",2016_Furukawa,2016,-5.22,1,-5.718516263473322,1,0.562835971869805
"PEPTIDE1286{[Nal].[Bn_Gly].[meL].[Nle].[dP].[Mono34]}$PEPTIDE1286,PEPTIDE1286,1:R1-6:R2$$$",2016_Furukawa,2016,-6.55,0,-6.7112737444627735,0,0.45483408437375816
"PEPTIDE1754{[dF].[pentyl_Gly].[Me_dL].[Nle].P.[Et_Gly]}$PEPTIDE1754,PEPTIDE1754,1:R1-6:R2$$$",2016_Furukawa,2016,-4.96,1,-5.32626642903005,1,0.8839613367874503
"PEPTIDE1293{[Nal].[Mono41].[meL].[Nle].[dP].[Mono34]}$PEPTIDE1293,PEPTIDE1293,1:R1-6:R2$$$",2016_Furukawa,2016,-5.82,1,-5.852534735849242,0,0.46067633587786166
"PEPTIDE2596{[bHph].[dL].L.P.[dL].F}$PEPTIDE2596,PEPTIDE2596,1:R1-6:R2$$$",2020_Townsend,2020,-5.92,1,-5.737373244837378,1,0.5816714603077562
"PEPTIDE24{[dL].L.L.L.[dP].Y}$PEPTIDE24,PEPTIDE24,1:R1-6:R2$$$",2011_White,2011,-6.3,0,-6.754496067124215,0,0.06958304461826424
"PEPTIDE2544{[bHph].[Me_dL].L.[dP].[Me_dL].F}$PEPTIDE2544,PEPTIDE2544,1:R1-6:R2$$$",2020_Townsend,2020,-5.32,1,-5.577727816968728,1,0.9134546128319608
"PEPTIDE3001{[dA].[Me_dL].[Bn_Gly].P.[Me_dL].F}$PEPTIDE3001,PEPTIDE3001,1:R1-6:R2$$$",2020_Townsend,2020,-5.89,1,-5.115300290712766,1,0.923898292220861
"PEPTIDE7393{[dP].[dL].[dL].[dL].L.[Pye]}$PEPTIDE7393,PEPTIDE7393,1:R1-6:R2$$$",2022_Taechalertpaisarn,2022,-6.2,0,-6.593396445294003,0,0.1665562575172481
"PEPTIDE2312{L.[Me_dL].[meA].L.[dP].[meF]}$PEPTIDE2312,PEPTIDE2312,1:R1-6:R2$$$",2018_Naylor,2018,-4.64,1,-4.784596417970432,1,0.930126625439855
"PEPTIDE3571{[Me_dA].[Me_dL].[Bn_Gly].[dP].[Bn_Gly].F}$PEPTIDE3571,PEPTIDE3571,1:R1-6:R2$$$",2020_Townsend,2020,-5.31,1,-5.883645459024049,1,0.7850766224926305
"PEPTIDE1331{[Nal].[Mono39].[meL].[Nle].[dP].[Mono42]}$PEPTIDE1331,PEPTIDE1331,1:R1-6:R2$$$",2016_Furukawa,2016,-6.5,0,-6.877070088902088,0,0.23608952860602087
"PEPTIDE2303{L.[Me_dA].[meA].L.[dP].[meA]}$PEPTIDE2303,PEPTIDE2303,1:R1-6:R2$$$",2018_Naylor,2018,-5.31,1,-5.260896885596562,1,0.843119888865812
"PEPTIDE2933{[dA].[dL].L.P.L.F}$PEPTIDE2933,PEPTIDE2933,1:R1-6:R2$$$",2020_Townsend,2020,-7.26,0,-6.780189753192485,0,0.07044589884188827
"PEPTIDE2568{[bHph].[meL].[dL].[dP].[Bn_Gly].F}$PEPTIDE2568,PEPTIDE2568,1:R1-6:R2$$$",2020_Townsend,2020,-6.19,0,-5.752623594389297,1,0.7483858926556618
"PEPTIDE1208{[Nal].[Mono38].[meL].[Nle].[dP].[Pr_Gly]}$PEPTIDE1208,PEPTIDE1208,1:R1-6:R2$$$",2016_Furukawa,2016,-5.37,1,-5.745070092959917,1,0.5942845123609682
"PEPTIDE3227{[meA].[Me_dL].[dL].P.L.F}$PEPTIDE3227,PEPTIDE3227,1:R1-6:R2$$$",2020_Townsend,2020,-6.01,0,-5.30537166224385,1,0.7767600381597792
"PEPTIDE3136{[dA].[meL].[dL].[dP].L.F}$PEPTIDE3136,PEPTIDE3136,1:R1-6:R2$$$",2020_Townsend,2020,-6.61,0,-6.610936288555953,0,0.21160631676184344
"PEPTIDE2766{[Pr_Gly].[meL].[bHph].[dP].[meL].F}$PEPTIDE2766,PEPTIDE2766,1:R1-6:R2$$$",2020_Townsend,2020,-5.28,1,-5.202686900574045,1,0.9744588648029626
"PEPTIDE3500{[Me_dA].[Me_dL].[dL].[dP].[dL].F}$PEPTIDE3500,PEPTIDE3500,1:R1-6:R2$$$",2020_Townsend,2020,-5.86,1,-5.234595004054536,1,0.8694097748885462
"PEPTIDE2877{A.[Me_dL].L.P.[meL].F}$PEPTIDE2877,PEPTIDE2877,1:R1-6:R2$$$",2020_Townsend,2020,-5.0,1,-5.625805428054099,1,0.5653752958932576
"PEPTIDE2643{[bHph].L.L.P.[Bn_Gly].F}$PEPTIDE2643,PEPTIDE2643,1:R1-6:R2$$$",2020_Townsend,2020,-5.91,1,-5.199421366232643,1,0.7516094224753216
"PEPTIDE1449{[Nal].[3-pyridylethyl_Gly].[meL].[Nle].[dP].[Mono1]}$PEPTIDE1449,PEPTIDE1449,1:R1-6:R2$$$",2016_Furukawa,2016,-7.42,0,-6.875224070348658,0,0.11843572968042043
"PEPTIDE1264{A.[Mono40].[meL].[Nle].[dP].[Mono34]}$PEPTIDE1264,PEPTIDE1264,1:R1-6:R2$$$",2016_Furukawa,2016,-6.67,0,-5.659807469499395,1,0.5855628167111319
"PEPTIDE997{[Mono14].I.[meF].P.I.P}$PEPTIDE997,PEPTIDE997,1:R1-6:R2$$$",2015_Bockus_2,2015,-5.82,1,-4.837197954995029,1,0.9386160340318682
"PEPTIDE1185{A.[Mono41].[meL].[Nle].[dP].[Pr_Gly]}$PEPTIDE1185,PEPTIDE1185,1:R1-6:R2$$$",2016_Furukawa,2016,-7.96,0,-7.064080533354555,0,0.029894489322450157
"PEPTIDE3547{[Me_dA].[dL].[bHph].[dP].L.F}$PEPTIDE3547,PEPTIDE3547,1:R1-6:R2$$$",2020_Townsend,2020,-10.0,0,-6.393920802897756,1,0.5567023167839183
"PEPTIDE1524{F.[Mono40].[meL].[Nle].[dP].[Mono45]}$PEPTIDE1524,PEPTIDE1524,1:R1-6:R2$$$",2016_Furukawa,2016,-5.68,1,-6.620699608901355,0,0.0848878115755628
"PEPTIDE2327{L.[Me_dAbu].[meL].L.[dP].[meY]}$PEPTIDE2327,PEPTIDE2327,1:R1-6:R2$$$",2018_Naylor,2018,-4.79,1,-5.441639917614133,1,0.7846286598202766
"PEPTIDE3030{A.L.L.[dP].[dL].F}$PEPTIDE3030,PEPTIDE3030,1:R1-6:R2$$$",2020_Townsend,2020,-5.14,1,-5.922837720371738,0,0.16267988137203196
"PEPTIDE3278{[meA].[Me_dL].[meL].P.[meL].F}$PEPTIDE3278,PEPTIDE3278,1:R1-6:R2$$$",2020_Townsend,2020,-4.0,1,-4.660777281308444,1,0.9885786852191993
"PEPTIDE3292{[meA].[Me_dL].[bHph].P.[dL].F}$PEPTIDE3292,PEPTIDE3292,1:R1-6:R2$$$",2020_Townsend,2020,-5.93,1,-5.920661555106024,1,0.6672597428689783
"PEPTIDE1140{A.[3-pyridylethyl_Gly].[meL].[Nle].[dP].[Et_Gly]}$PEPTIDE1140,PEPTIDE1140,1:R1-6:R2$$$",2016_Furukawa,2016,-7.4,0,-5.444822457662827,0,0.49668796039252716
"PEPTIDE3242{[meA].L.L.P.[meL].F}$PEPTIDE3242,PEPTIDE3242,1:R1-6:R2$$$",2020_Townsend,2020,-5.86,1,-5.028092714494329,1,0.9203624909310031
"PEPTIDE3508{[Me_dA].L.[meL].[dP].[dL].F}$PEPTIDE3508,PEPTIDE3508,1:R1-6:R2$$$",2020_Townsend,2020,-5.72,1,-5.167569694858263,1,0.890460211341149
"PEPTIDE3226{[meA].[dL].[dL].P.[meL].F}$PEPTIDE3226,PEPTIDE3226,1:R1-6:R2$$$",2020_Townsend,2020,-5.73,1,-5.614603372913363,1,0.7048158304066863
